metric,test,p
bray,permdisp_p,0.085
bray,adonis_p,0.001
bray,permdisp_p,0.305
bray,adonis_p,0.001
bray,permdisp_p,0.334
bray,adonis_p,0.001
bray,permdisp_p,0.272
bray,adonis_p,0.001
bray,permdisp_p,0.414
bray,adonis_p,0.001
bray,permdisp_p,0.305
bray,adonis_p,0.001
bray,permdisp_p,0.369
bray,adonis_p,0.001
bray,permdisp_p,0.303
bray,adonis_p,0.001
bray,permdisp_p,0.166
bray,adonis_p,0.002
bray,permdisp_p,0.281
bray,adonis_p,0.001
bray,permdisp_p,0.258
bray,adonis_p,0.001
bray,permdisp_p,0.306
bray,adonis_p,0.001
bray,permdisp_p,0.235
bray,adonis_p,0.001
bray,permdisp_p,0.273
bray,adonis_p,0.001
bray,permdisp_p,0.114
bray,adonis_p,0.001
bray,permdisp_p,0.185
bray,adonis_p,0.002
bray,permdisp_p,0.209
bray,adonis_p,0.002
bray,permdisp_p,0.226
bray,adonis_p,0.001
bray,permdisp_p,0.325
bray,adonis_p,0.001
bray,permdisp_p,0.269
bray,adonis_p,0.001
bray,permdisp_p,0.356
bray,adonis_p,0.001
bray,permdisp_p,0.187
bray,adonis_p,0.002
bray,permdisp_p,0.18
bray,adonis_p,0.001
bray,permdisp_p,0.261
bray,adonis_p,0.001
bray,permdisp_p,0.271
bray,adonis_p,0.001
bray,permdisp_p,0.395
bray,adonis_p,0.001
bray,permdisp_p,0.314
bray,adonis_p,0.001
bray,permdisp_p,0.07
bray,adonis_p,0.001
bray,permdisp_p,0.204
bray,adonis_p,0.002
bray,permdisp_p,0.235
bray,adonis_p,0.001
bray,permdisp_p,0.205
bray,adonis_p,0.002
bray,permdisp_p,0.245
bray,adonis_p,0.001
bray,permdisp_p,0.269
bray,adonis_p,0.001
bray,permdisp_p,0.231
bray,adonis_p,0.001
bray,permdisp_p,0.181
bray,adonis_p,0.001
bray,permdisp_p,0.433
bray,adonis_p,0.001
bray,permdisp_p,0.264
bray,adonis_p,0.002
bray,permdisp_p,0.36
bray,adonis_p,0.001
bray,permdisp_p,0.263
bray,adonis_p,0.001
bray,permdisp_p,0.349
bray,adonis_p,0.001
bray,permdisp_p,0.307
bray,adonis_p,0.001
bray,permdisp_p,0.182
bray,adonis_p,0.002
bray,permdisp_p,0.395
bray,adonis_p,0.002
bray,permdisp_p,0.254
bray,adonis_p,0.001
bray,permdisp_p,0.25
bray,adonis_p,0.001
bray,permdisp_p,0.365
bray,adonis_p,0.001
bray,permdisp_p,0.368
bray,adonis_p,0.001
bray,permdisp_p,0.217
bray,adonis_p,0.001
bray,permdisp_p,0.294
bray,adonis_p,0.001
bray,permdisp_p,0.253
bray,adonis_p,0.002
bray,permdisp_p,0.282
bray,adonis_p,0.001
bray,permdisp_p,0.255
bray,adonis_p,0.001
bray,permdisp_p,0.293
bray,adonis_p,0.001
bray,permdisp_p,0.28
bray,adonis_p,0.001
bray,permdisp_p,0.389
bray,adonis_p,0.001
bray,permdisp_p,0.291
bray,adonis_p,0.003
bray,permdisp_p,0.328
bray,adonis_p,0.001
bray,permdisp_p,0.199
bray,adonis_p,0.002
bray,permdisp_p,0.263
bray,adonis_p,0.001
bray,permdisp_p,0.432
bray,adonis_p,0.002
bray,permdisp_p,0.317
bray,adonis_p,0.001
bray,permdisp_p,0.321
bray,adonis_p,0.001
bray,permdisp_p,0.378
bray,adonis_p,0.001
bray,permdisp_p,0.238
bray,adonis_p,0.001
bray,permdisp_p,0.318
bray,adonis_p,0.001
bray,permdisp_p,0.402
bray,adonis_p,0.001
bray,permdisp_p,0.232
bray,adonis_p,0.001
bray,permdisp_p,0.242
bray,adonis_p,0.001
bray,permdisp_p,0.4
bray,adonis_p,0.001
bray,permdisp_p,0.316
bray,adonis_p,0.001
bray,permdisp_p,0.36
bray,adonis_p,0.001
bray,permdisp_p,0.248
bray,adonis_p,0.001
bray,permdisp_p,0.275
bray,adonis_p,0.001
bray,permdisp_p,0.31
bray,adonis_p,0.002
bray,permdisp_p,0.239
bray,adonis_p,0.001
bray,permdisp_p,0.242
bray,adonis_p,0.001
bray,permdisp_p,0.251
bray,adonis_p,0.001
bray,permdisp_p,0.319
bray,adonis_p,0.001
bray,permdisp_p,0.264
bray,adonis_p,0.001
bray,permdisp_p,0.104
bray,adonis_p,0.002
bray,permdisp_p,0.321
bray,adonis_p,0.001
bray,permdisp_p,0.166
bray,adonis_p,0.002
bray,permdisp_p,0.265
bray,adonis_p,0.001
bray,permdisp_p,0.26
bray,adonis_p,0.001
bray,permdisp_p,0.059
bray,adonis_p,0.001
bray,permdisp_p,0.32
bray,adonis_p,0.001
bray,permdisp_p,0.26
bray,adonis_p,0.001
bray,permdisp_p,0.237
bray,adonis_p,0.001
bray,permdisp_p,0.222
bray,adonis_p,0.001
bray,permdisp_p,0.341
bray,adonis_p,0.001
bray,permdisp_p,0.223
bray,adonis_p,0.001
bray,permdisp_p,0.268
bray,adonis_p,0.001
bray,permdisp_p,0.31
bray,adonis_p,0.001
bray,permdisp_p,0.272
bray,adonis_p,0.001
bray,permdisp_p,0.182
bray,adonis_p,0.001
bray,permdisp_p,0.319
bray,adonis_p,0.001
bray,permdisp_p,0.294
bray,adonis_p,0.001
bray,permdisp_p,0.427
bray,adonis_p,0.001
bray,permdisp_p,0.431
bray,adonis_p,0.001
bray,permdisp_p,0.112
bray,adonis_p,0.001
bray,permdisp_p,0.37
bray,adonis_p,0.001
bray,permdisp_p,0.225
bray,adonis_p,0.001
bray,permdisp_p,0.228
bray,adonis_p,0.001
bray,permdisp_p,0.316
bray,adonis_p,0.001
bray,permdisp_p,0.144
bray,adonis_p,0.001
bray,permdisp_p,0.228
bray,adonis_p,0.001
bray,permdisp_p,0.291
bray,adonis_p,0.001
bray,permdisp_p,0.305
bray,adonis_p,0.001
bray,permdisp_p,0.271
bray,adonis_p,0.001
bray,permdisp_p,0.309
bray,adonis_p,0.001
bray,permdisp_p,0.222
bray,adonis_p,0.001
bray,permdisp_p,0.18
bray,adonis_p,0.002
bray,permdisp_p,0.253
bray,adonis_p,0.001
bray,permdisp_p,0.266
bray,adonis_p,0.001
bray,permdisp_p,0.255
bray,adonis_p,0.001
bray,permdisp_p,0.106
bray,adonis_p,0.001
bray,permdisp_p,0.075
bray,adonis_p,0.001
bray,permdisp_p,0.234
bray,adonis_p,0.001
bray,permdisp_p,0.258
bray,adonis_p,0.001
bray,permdisp_p,0.263
bray,adonis_p,0.001
bray,permdisp_p,0.263
bray,adonis_p,0.001
bray,permdisp_p,0.308
bray,adonis_p,0.001
bray,permdisp_p,0.124
bray,adonis_p,0.001
bray,permdisp_p,0.391
bray,adonis_p,0.001
bray,permdisp_p,0.284
bray,adonis_p,0.001
bray,permdisp_p,0.316
bray,adonis_p,0.001
bray,permdisp_p,0.26
bray,adonis_p,0.001
bray,permdisp_p,0.435
bray,adonis_p,0.001
bray,permdisp_p,0.427
bray,adonis_p,0.001
bray,permdisp_p,0.285
bray,adonis_p,0.001
bray,permdisp_p,0.311
bray,adonis_p,0.001
bray,permdisp_p,0.295
bray,adonis_p,0.001
bray,permdisp_p,0.392
bray,adonis_p,0.001
bray,permdisp_p,0.164
bray,adonis_p,0.001
bray,permdisp_p,0.271
bray,adonis_p,0.001
bray,permdisp_p,0.35
bray,adonis_p,0.001
bray,permdisp_p,0.344
bray,adonis_p,0.001
bray,permdisp_p,0.41
bray,adonis_p,0.001
bray,permdisp_p,0.232
bray,adonis_p,0.001
bray,permdisp_p,0.15
bray,adonis_p,0.001
bray,permdisp_p,0.315
bray,adonis_p,0.001
bray,permdisp_p,0.249
bray,adonis_p,0.001
bray,permdisp_p,0.258
bray,adonis_p,0.001
bray,permdisp_p,0.272
bray,adonis_p,0.001
bray,permdisp_p,0.363
bray,adonis_p,0.001
bray,permdisp_p,0.24
bray,adonis_p,0.001
bray,permdisp_p,0.278
bray,adonis_p,0.001
bray,permdisp_p,0.225
bray,adonis_p,0.001
bray,permdisp_p,0.237
bray,adonis_p,0.001
bray,permdisp_p,0.095
bray,adonis_p,0.001
bray,permdisp_p,0.248
bray,adonis_p,0.001
bray,permdisp_p,0.245
bray,adonis_p,0.001
bray,permdisp_p,0.263
bray,adonis_p,0.001
bray,permdisp_p,0.196
bray,adonis_p,0.001
bray,permdisp_p,0.189
bray,adonis_p,0.001
bray,permdisp_p,0.21
bray,adonis_p,0.001
bray,permdisp_p,0.236
bray,adonis_p,0.001
bray,permdisp_p,0.218
bray,adonis_p,0.001
bray,permdisp_p,0.319
bray,adonis_p,0.001
bray,permdisp_p,0.177
bray,adonis_p,0.001
bray,permdisp_p,0.252
bray,adonis_p,0.001
bray,permdisp_p,0.238
bray,adonis_p,0.001
bray,permdisp_p,0.242
bray,adonis_p,0.001
bray,permdisp_p,0.259
bray,adonis_p,0.001
bray,permdisp_p,0.184
bray,adonis_p,0.001
bray,permdisp_p,0.181
bray,adonis_p,0.001
bray,permdisp_p,0.197
bray,adonis_p,0.001
bray,permdisp_p,0.285
bray,adonis_p,0.001
bray,permdisp_p,0.26
bray,adonis_p,0.001
bray,permdisp_p,0.214
bray,adonis_p,0.001
bray,permdisp_p,0.37
bray,adonis_p,0.001
bray,permdisp_p,0.273
bray,adonis_p,0.001
bray,permdisp_p,0.312
bray,adonis_p,0.001
bray,permdisp_p,0.332
bray,adonis_p,0.001
bray,permdisp_p,0.26
bray,adonis_p,0.001
bray,permdisp_p,0.427
bray,adonis_p,0.001
bray,permdisp_p,0.307
bray,adonis_p,0.001
bray,permdisp_p,0.444
bray,adonis_p,0.001
bray,permdisp_p,0.37
bray,adonis_p,0.001
bray,permdisp_p,0.319
bray,adonis_p,0.001
bray,permdisp_p,0.241
bray,adonis_p,0.001
bray,permdisp_p,0.383
bray,adonis_p,0.001
bray,permdisp_p,0.303
bray,adonis_p,0.001
bray,permdisp_p,0.264
bray,adonis_p,0.001
bray,permdisp_p,0.182
bray,adonis_p,0.001
bray,permdisp_p,0.246
bray,adonis_p,0.001
bray,permdisp_p,0.231
bray,adonis_p,0.001
bray,permdisp_p,0.172
bray,adonis_p,0.001
bray,permdisp_p,0.184
bray,adonis_p,0.001
bray,permdisp_p,0.264
bray,adonis_p,0.001
bray,permdisp_p,0.274
bray,adonis_p,0.001
bray,permdisp_p,0.279
bray,adonis_p,0.001
bray,permdisp_p,0.291
bray,adonis_p,0.001
bray,permdisp_p,0.163
bray,adonis_p,0.001
bray,permdisp_p,0.27
bray,adonis_p,0.001
bray,permdisp_p,0.246
bray,adonis_p,0.001
bray,permdisp_p,0.236
bray,adonis_p,0.001
bray,permdisp_p,0.187
bray,adonis_p,0.001
bray,permdisp_p,0.271
bray,adonis_p,0.001
bray,permdisp_p,0.223
bray,adonis_p,0.001
bray,permdisp_p,0.409
bray,adonis_p,0.001
bray,permdisp_p,0.252
bray,adonis_p,0.001
bray,permdisp_p,0.249
bray,adonis_p,0.001
bray,permdisp_p,0.4
bray,adonis_p,0.001
bray,permdisp_p,0.302
bray,adonis_p,0.001
bray,permdisp_p,0.186
bray,adonis_p,0.002
bray,permdisp_p,0.376
bray,adonis_p,0.002
bray,permdisp_p,0.391
bray,adonis_p,0.001
bray,permdisp_p,0.264
bray,adonis_p,0.001
bray,permdisp_p,0.316
bray,adonis_p,0.001
bray,permdisp_p,0.163
bray,adonis_p,0.001
bray,permdisp_p,0.24
bray,adonis_p,0.001
bray,permdisp_p,0.174
bray,adonis_p,0.001
bray,permdisp_p,0.313
bray,adonis_p,0.001
bray,permdisp_p,0.27
bray,adonis_p,0.001
bray,permdisp_p,0.19
bray,adonis_p,0.001
bray,permdisp_p,0.225
bray,adonis_p,0.001
bray,permdisp_p,0.334
bray,adonis_p,0.001
bray,permdisp_p,0.336
bray,adonis_p,0.001
bray,permdisp_p,0.313
bray,adonis_p,0.001
bray,permdisp_p,0.168
bray,adonis_p,0.001
bray,permdisp_p,0.226
bray,adonis_p,0.001
bray,permdisp_p,0.266
bray,adonis_p,0.001
bray,permdisp_p,0.28
bray,adonis_p,0.001
bray,permdisp_p,0.267
bray,adonis_p,0.001
bray,permdisp_p,0.256
bray,adonis_p,0.001
bray,permdisp_p,0.266
bray,adonis_p,0.001
bray,permdisp_p,0.358
bray,adonis_p,0.001
bray,permdisp_p,0.414
bray,adonis_p,0.001
bray,permdisp_p,0.308
bray,adonis_p,0.001
bray,permdisp_p,0.227
bray,adonis_p,0.001
bray,permdisp_p,0.204
bray,adonis_p,0.001
bray,permdisp_p,0.265
bray,adonis_p,0.001
bray,permdisp_p,0.247
bray,adonis_p,0.001
bray,permdisp_p,0.225
bray,adonis_p,0.001
bray,permdisp_p,0.336
bray,adonis_p,0.001
bray,permdisp_p,0.241
bray,adonis_p,0.002
bray,permdisp_p,0.241
bray,adonis_p,0.002
bray,permdisp_p,0.299
bray,adonis_p,0.001
bray,permdisp_p,0.371
bray,adonis_p,0.001
bray,permdisp_p,0.319
bray,adonis_p,0.001
bray,permdisp_p,0.111
bray,adonis_p,0.001
bray,permdisp_p,0.349
bray,adonis_p,0.001
bray,permdisp_p,0.345
bray,adonis_p,0.002
bray,permdisp_p,0.315
bray,adonis_p,0.002
bray,permdisp_p,0.21
bray,adonis_p,0.001
bray,permdisp_p,0.338
bray,adonis_p,0.001
bray,permdisp_p,0.325
bray,adonis_p,0.001
bray,permdisp_p,0.259
bray,adonis_p,0.002
bray,permdisp_p,0.337
bray,adonis_p,0.001
bray,permdisp_p,0.095
bray,adonis_p,0.001
bray,permdisp_p,0.209
bray,adonis_p,0.001
bray,permdisp_p,0.231
bray,adonis_p,0.001
bray,permdisp_p,0.236
bray,adonis_p,0.001
bray,permdisp_p,0.17
bray,adonis_p,0.002
bray,permdisp_p,0.22
bray,adonis_p,0.002
bray,permdisp_p,0.267
bray,adonis_p,0.001
bray,permdisp_p,0.194
bray,adonis_p,0.001
bray,permdisp_p,0.114
bray,adonis_p,0.001
bray,permdisp_p,0.261
bray,adonis_p,0.001
bray,permdisp_p,0.25
bray,adonis_p,0.001
bray,permdisp_p,0.22
bray,adonis_p,0.001
bray,permdisp_p,0.282
bray,adonis_p,0.001
bray,permdisp_p,0.115
bray,adonis_p,0.003
bray,permdisp_p,0.338
bray,adonis_p,0.001
bray,permdisp_p,0.33
bray,adonis_p,0.001
bray,permdisp_p,0.231
bray,adonis_p,0.001
bray,permdisp_p,0.297
bray,adonis_p,0.001
bray,permdisp_p,0.278
bray,adonis_p,0.002
bray,permdisp_p,0.172
bray,adonis_p,0.001
bray,permdisp_p,0.242
bray,adonis_p,0.001
bray,permdisp_p,0.319
bray,adonis_p,0.001
bray,permdisp_p,0.362
bray,adonis_p,0.001
bray,permdisp_p,0.27
bray,adonis_p,0.001
bray,permdisp_p,0.301
bray,adonis_p,0.001
bray,permdisp_p,0.252
bray,adonis_p,0.001
bray,permdisp_p,0.272
bray,adonis_p,0.001
bray,permdisp_p,0.26
bray,adonis_p,0.001
bray,permdisp_p,0.318
bray,adonis_p,0.001
bray,permdisp_p,0.242
bray,adonis_p,0.001
bray,permdisp_p,0.326
bray,adonis_p,0.001
bray,permdisp_p,0.246
bray,adonis_p,0.001
bray,permdisp_p,0.352
bray,adonis_p,0.001
bray,permdisp_p,0.413
bray,adonis_p,0.001
bray,permdisp_p,0.238
bray,adonis_p,0.001
bray,permdisp_p,0.38
bray,adonis_p,0.001
bray,permdisp_p,0.319
bray,adonis_p,0.001
bray,permdisp_p,0.245
bray,adonis_p,0.001
bray,permdisp_p,0.389
bray,adonis_p,0.001
bray,permdisp_p,0.267
bray,adonis_p,0.001
bray,permdisp_p,0.33
bray,adonis_p,0.001
bray,permdisp_p,0.349
bray,adonis_p,0.001
bray,permdisp_p,0.237
bray,adonis_p,0.001
bray,permdisp_p,0.143
bray,adonis_p,0.001
bray,permdisp_p,0.122
bray,adonis_p,0.001
bray,permdisp_p,0.262
bray,adonis_p,0.001
bray,permdisp_p,0.175
bray,adonis_p,0.001
bray,permdisp_p,0.201
bray,adonis_p,0.001
bray,permdisp_p,0.167
bray,adonis_p,0.001
bray,permdisp_p,0.194
bray,adonis_p,0.002
bray,permdisp_p,0.224
bray,adonis_p,0.001
bray,permdisp_p,0.349
bray,adonis_p,0.001
bray,permdisp_p,0.235
bray,adonis_p,0.001
bray,permdisp_p,0.293
bray,adonis_p,0.001
bray,permdisp_p,0.292
bray,adonis_p,0.001
bray,permdisp_p,0.175
bray,adonis_p,0.001
bray,permdisp_p,0.275
bray,adonis_p,0.001
bray,permdisp_p,0.194
bray,adonis_p,0.001
bray,permdisp_p,0.275
bray,adonis_p,0.002
bray,permdisp_p,0.314
bray,adonis_p,0.001
bray,permdisp_p,0.28
bray,adonis_p,0.001
bray,permdisp_p,0.29
bray,adonis_p,0.001
bray,permdisp_p,0.243
bray,adonis_p,0.001
bray,permdisp_p,0.183
bray,adonis_p,0.001
bray,permdisp_p,0.328
bray,adonis_p,0.001
bray,permdisp_p,0.252
bray,adonis_p,0.001
bray,permdisp_p,0.27
bray,adonis_p,0.001
bray,permdisp_p,0.288
bray,adonis_p,0.001
bray,permdisp_p,0.171
bray,adonis_p,0.001
bray,permdisp_p,0.282
bray,adonis_p,0.001
bray,permdisp_p,0.227
bray,adonis_p,0.002
bray,permdisp_p,0.225
bray,adonis_p,0.001
bray,permdisp_p,0.408
bray,adonis_p,0.001
bray,permdisp_p,0.356
bray,adonis_p,0.001
bray,permdisp_p,0.334
bray,adonis_p,0.001
bray,permdisp_p,0.224
bray,adonis_p,0.001
bray,permdisp_p,0.171
bray,adonis_p,0.001
bray,permdisp_p,0.184
bray,adonis_p,0.001
bray,permdisp_p,0.414
bray,adonis_p,0.002
bray,permdisp_p,0.257
bray,adonis_p,0.001
bray,permdisp_p,0.337
bray,adonis_p,0.001
bray,permdisp_p,0.278
bray,adonis_p,0.002
bray,permdisp_p,0.239
bray,adonis_p,0.001
bray,permdisp_p,0.311
bray,adonis_p,0.001
bray,permdisp_p,0.276
bray,adonis_p,0.001
bray,permdisp_p,0.435
bray,adonis_p,0.003
bray,permdisp_p,0.233
bray,adonis_p,0.002
bray,permdisp_p,0.266
bray,adonis_p,0.001
bray,permdisp_p,0.438
bray,adonis_p,0.001
bray,permdisp_p,0.301
bray,adonis_p,0.001
bray,permdisp_p,0.324
bray,adonis_p,0.001
bray,permdisp_p,0.143
bray,adonis_p,0.001
bray,permdisp_p,0.259
bray,adonis_p,0.001
bray,permdisp_p,0.261
bray,adonis_p,0.001
bray,permdisp_p,0.117
bray,adonis_p,0.001
bray,permdisp_p,0.434
bray,adonis_p,0.002
bray,permdisp_p,0.252
bray,adonis_p,0.001
bray,permdisp_p,0.298
bray,adonis_p,0.001
bray,permdisp_p,0.167
bray,adonis_p,0.001
bray,permdisp_p,0.267
bray,adonis_p,0.001
bray,permdisp_p,0.256
bray,adonis_p,0.002
bray,permdisp_p,0.256
bray,adonis_p,0.002
bray,permdisp_p,0.263
bray,adonis_p,0.001
bray,permdisp_p,0.348
bray,adonis_p,0.001
bray,permdisp_p,0.281
bray,adonis_p,0.001
bray,permdisp_p,0.317
bray,adonis_p,0.001
bray,permdisp_p,0.419
bray,adonis_p,0.001
bray,permdisp_p,0.22
bray,adonis_p,0.001
bray,permdisp_p,0.406
bray,adonis_p,0.001
bray,permdisp_p,0.11
bray,adonis_p,0.001
bray,permdisp_p,0.208
bray,adonis_p,0.001
bray,permdisp_p,0.39
bray,adonis_p,0.001
bray,permdisp_p,0.284
bray,adonis_p,0.001
bray,permdisp_p,0.239
bray,adonis_p,0.001
bray,permdisp_p,0.444
bray,adonis_p,0.001
bray,permdisp_p,0.268
bray,adonis_p,0.001
bray,permdisp_p,0.248
bray,adonis_p,0.001
bray,permdisp_p,0.208
bray,adonis_p,0.001
bray,permdisp_p,0.31
bray,adonis_p,0.001
bray,permdisp_p,0.28
bray,adonis_p,0.001
bray,permdisp_p,0.284
bray,adonis_p,0.001
bray,permdisp_p,0.279
bray,adonis_p,0.001
bray,permdisp_p,0.253
bray,adonis_p,0.001
bray,permdisp_p,0.335
bray,adonis_p,0.001
bray,permdisp_p,0.295
bray,adonis_p,0.001
bray,permdisp_p,0.27
bray,adonis_p,0.001
bray,permdisp_p,0.241
bray,adonis_p,0.001
bray,permdisp_p,0.117
bray,adonis_p,0.001
bray,permdisp_p,0.293
bray,adonis_p,0.001
bray,permdisp_p,0.267
bray,adonis_p,0.001
bray,permdisp_p,0.236
bray,adonis_p,0.001
bray,permdisp_p,0.304
bray,adonis_p,0.001
bray,permdisp_p,0.217
bray,adonis_p,0.001
bray,permdisp_p,0.337
bray,adonis_p,0.001
bray,permdisp_p,0.093
bray,adonis_p,0.001
bray,permdisp_p,0.398
bray,adonis_p,0.002
bray,permdisp_p,0.313
bray,adonis_p,0.001
bray,permdisp_p,0.293
bray,adonis_p,0.001
bray,permdisp_p,0.37
bray,adonis_p,0.001
bray,permdisp_p,0.221
bray,adonis_p,0.001
bray,permdisp_p,0.261
bray,adonis_p,0.001
bray,permdisp_p,0.246
bray,adonis_p,0.002
bray,permdisp_p,0.182
bray,adonis_p,0.001
bray,permdisp_p,0.226
bray,adonis_p,0.001
bray,permdisp_p,0.268
bray,adonis_p,0.001
bray,permdisp_p,0.239
bray,adonis_p,0.001
bray,permdisp_p,0.416
bray,adonis_p,0.001
bray,permdisp_p,0.29
bray,adonis_p,0.001
bray,permdisp_p,0.339
bray,adonis_p,0.001
bray,permdisp_p,0.264
bray,adonis_p,0.001
bray,permdisp_p,0.237
bray,adonis_p,0.001
bray,permdisp_p,0.32
bray,adonis_p,0.001
bray,permdisp_p,0.226
bray,adonis_p,0.001
bray,permdisp_p,0.394
bray,adonis_p,0.001
bray,permdisp_p,0.37
bray,adonis_p,0.001
bray,permdisp_p,0.29
bray,adonis_p,0.002
bray,permdisp_p,0.288
bray,adonis_p,0.001
bray,permdisp_p,0.191
bray,adonis_p,0.001
bray,permdisp_p,0.137
bray,adonis_p,0.001
bray,permdisp_p,0.265
bray,adonis_p,0.001
bray,permdisp_p,0.43
bray,adonis_p,0.001
bray,permdisp_p,0.224
bray,adonis_p,0.001
bray,permdisp_p,0.369
bray,adonis_p,0.001
bray,permdisp_p,0.195
bray,adonis_p,0.001
bray,permdisp_p,0.272
bray,adonis_p,0.001
bray,permdisp_p,0.422
bray,adonis_p,0.001
bray,permdisp_p,0.303
bray,adonis_p,0.001
bray,permdisp_p,0.178
bray,adonis_p,0.002
bray,permdisp_p,0.178
bray,adonis_p,0.001
bray,permdisp_p,0.38
bray,adonis_p,0.001
bray,permdisp_p,0.254
bray,adonis_p,0.001
bray,permdisp_p,0.166
bray,adonis_p,0.001
bray,permdisp_p,0.137
bray,adonis_p,0.001
bray,permdisp_p,0.325
bray,adonis_p,0.001
bray,permdisp_p,0.249
bray,adonis_p,0.001
bray,permdisp_p,0.065
bray,adonis_p,0.001
bray,permdisp_p,0.112
bray,adonis_p,0.001
bray,permdisp_p,0.358
bray,adonis_p,0.001
bray,permdisp_p,0.25
bray,adonis_p,0.001
bray,permdisp_p,0.317
bray,adonis_p,0.001
bray,permdisp_p,0.251
bray,adonis_p,0.001
bray,permdisp_p,0.358
bray,adonis_p,0.002
bray,permdisp_p,0.211
bray,adonis_p,0.002
bray,permdisp_p,0.209
bray,adonis_p,0.002
bray,permdisp_p,0.253
bray,adonis_p,0.001
bray,permdisp_p,0.317
bray,adonis_p,0.001
bray,permdisp_p,0.319
bray,adonis_p,0.001
bray,permdisp_p,0.312
bray,adonis_p,0.001
bray,permdisp_p,0.361
bray,adonis_p,0.001
bray,permdisp_p,0.313
bray,adonis_p,0.001
bray,permdisp_p,0.411
bray,adonis_p,0.001
bray,permdisp_p,0.176
bray,adonis_p,0.001
bray,permdisp_p,0.224
bray,adonis_p,0.002
bray,permdisp_p,0.327
bray,adonis_p,0.001
bray,permdisp_p,0.145
bray,adonis_p,0.001
bray,permdisp_p,0.363
bray,adonis_p,0.001
bray,permdisp_p,0.278
bray,adonis_p,0.001
bray,permdisp_p,0.247
bray,adonis_p,0.001
bray,permdisp_p,0.228
bray,adonis_p,0.001
bray,permdisp_p,0.26
bray,adonis_p,0.002
bray,permdisp_p,0.251
bray,adonis_p,0.002
bray,permdisp_p,0.433
bray,adonis_p,0.001
bray,permdisp_p,0.253
bray,adonis_p,0.001
bray,permdisp_p,0.3
bray,adonis_p,0.001
bray,permdisp_p,0.376
bray,adonis_p,0.001
bray,permdisp_p,0.398
bray,adonis_p,0.001
bray,permdisp_p,0.239
bray,adonis_p,0.001
bray,permdisp_p,0.311
bray,adonis_p,0.001
bray,permdisp_p,0.24
bray,adonis_p,0.001
bray,permdisp_p,0.268
bray,adonis_p,0.001
bray,permdisp_p,0.185
bray,adonis_p,0.001
bray,permdisp_p,0.244
bray,adonis_p,0.001
bray,permdisp_p,0.168
bray,adonis_p,0.001
bray,permdisp_p,0.183
bray,adonis_p,0.001
bray,permdisp_p,0.264
bray,adonis_p,0.001
bray,permdisp_p,0.238
bray,adonis_p,0.001
bray,permdisp_p,0.398
bray,adonis_p,0.001
bray,permdisp_p,0.087
bray,adonis_p,0.001
bray,permdisp_p,0.274
bray,adonis_p,0.001
bray,permdisp_p,0.373
bray,adonis_p,0.001
bray,permdisp_p,0.297
bray,adonis_p,0.001
bray,permdisp_p,0.148
bray,adonis_p,0.001
bray,permdisp_p,0.397
bray,adonis_p,0.001
bray,permdisp_p,0.28
bray,adonis_p,0.001
bray,permdisp_p,0.296
bray,adonis_p,0.001
bray,permdisp_p,0.213
bray,adonis_p,0.002
bray,permdisp_p,0.257
bray,adonis_p,0.001
bray,permdisp_p,0.419
bray,adonis_p,0.001
bray,permdisp_p,0.245
bray,adonis_p,0.001
bray,permdisp_p,0.124
bray,adonis_p,0.001
bray,permdisp_p,0.444
bray,adonis_p,0.001
bray,permdisp_p,0.253
bray,adonis_p,0.002
bray,permdisp_p,0.174
bray,adonis_p,0.001
bray,permdisp_p,0.2
bray,adonis_p,0.002
bray,permdisp_p,0.252
bray,adonis_p,0.002
bray,permdisp_p,0.234
bray,adonis_p,0.001
bray,permdisp_p,0.249
bray,adonis_p,0.001
bray,permdisp_p,0.22
bray,adonis_p,0.001
bray,permdisp_p,0.156
bray,adonis_p,0.002
bray,permdisp_p,0.194
bray,adonis_p,0.001
bray,permdisp_p,0.256
bray,adonis_p,0.001
bray,permdisp_p,0.241
bray,adonis_p,0.001
bray,permdisp_p,0.382
bray,adonis_p,0.001
bray,permdisp_p,0.268
bray,adonis_p,0.001
bray,permdisp_p,0.302
bray,adonis_p,0.001
bray,permdisp_p,0.223
bray,adonis_p,0.001
bray,permdisp_p,0.239
bray,adonis_p,0.001
bray,permdisp_p,0.305
bray,adonis_p,0.001
bray,permdisp_p,0.331
bray,adonis_p,0.001
bray,permdisp_p,0.391
bray,adonis_p,0.001
jaccard,permdisp_p,0.517
jaccard,adonis_p,0.001
jaccard,permdisp_p,0.538
jaccard,adonis_p,0.001
jaccard,permdisp_p,0.736
jaccard,adonis_p,0.001
jaccard,permdisp_p,0.478
jaccard,adonis_p,0.001
jaccard,permdisp_p,0.429
jaccard,adonis_p,0.001
jaccard,permdisp_p,0.584
jaccard,adonis_p,0.001
jaccard,permdisp_p,0.717
jaccard,adonis_p,0.001
jaccard,permdisp_p,0.56
jaccard,adonis_p,0.001
jaccard,permdisp_p,0.683
jaccard,adonis_p,0.001
jaccard,permdisp_p,0.545
jaccard,adonis_p,0.001
jaccard,permdisp_p,0.535
jaccard,adonis_p,0.001
jaccard,permdisp_p,0.569
jaccard,adonis_p,0.001
jaccard,permdisp_p,0.461
jaccard,adonis_p,0.001
jaccard,permdisp_p,0.518
jaccard,adonis_p,0.001
jaccard,permdisp_p,0.413
jaccard,adonis_p,0.001
jaccard,permdisp_p,0.525
jaccard,adonis_p,0.001
jaccard,permdisp_p,0.687
jaccard,adonis_p,0.001
jaccard,permdisp_p,0.569
jaccard,adonis_p,0.001
jaccard,permdisp_p,0.64
jaccard,adonis_p,0.001
jaccard,permdisp_p,0.696
jaccard,adonis_p,0.001
jaccard,permdisp_p,0.591
jaccard,adonis_p,0.002
jaccard,permdisp_p,0.386
jaccard,adonis_p,0.001
jaccard,permdisp_p,0.265
jaccard,adonis_p,0.001
jaccard,permdisp_p,0.49
jaccard,adonis_p,0.001
jaccard,permdisp_p,0.365
jaccard,adonis_p,0.001
jaccard,permdisp_p,0.31
jaccard,adonis_p,0.001
jaccard,permdisp_p,0.421
jaccard,adonis_p,0.001
jaccard,permdisp_p,0.498
jaccard,adonis_p,0.001
jaccard,permdisp_p,0.515
jaccard,adonis_p,0.001
jaccard,permdisp_p,0.634
jaccard,adonis_p,0.001
jaccard,permdisp_p,0.532
jaccard,adonis_p,0.001
jaccard,permdisp_p,0.572
jaccard,adonis_p,0.001
jaccard,permdisp_p,0.717
jaccard,adonis_p,0.001
jaccard,permdisp_p,0.543
jaccard,adonis_p,0.001
jaccard,permdisp_p,0.394
jaccard,adonis_p,0.001
jaccard,permdisp_p,0.18
jaccard,adonis_p,0.001
jaccard,permdisp_p,0.618
jaccard,adonis_p,0.001
jaccard,permdisp_p,0.396
jaccard,adonis_p,0.002
jaccard,permdisp_p,0.612
jaccard,adonis_p,0.001
jaccard,permdisp_p,0.717
jaccard,adonis_p,0.001
jaccard,permdisp_p,0.454
jaccard,adonis_p,0.001
jaccard,permdisp_p,0.366
jaccard,adonis_p,0.002
jaccard,permdisp_p,0.542
jaccard,adonis_p,0.001
jaccard,permdisp_p,0.51
jaccard,adonis_p,0.001
jaccard,permdisp_p,0.52
jaccard,adonis_p,0.001
jaccard,permdisp_p,0.504
jaccard,adonis_p,0.002
jaccard,permdisp_p,0.685
jaccard,adonis_p,0.001
jaccard,permdisp_p,0.514
jaccard,adonis_p,0.001
jaccard,permdisp_p,0.566
jaccard,adonis_p,0.001
jaccard,permdisp_p,0.365
jaccard,adonis_p,0.001
jaccard,permdisp_p,0.634
jaccard,adonis_p,0.001
jaccard,permdisp_p,0.566
jaccard,adonis_p,0.001
jaccard,permdisp_p,0.422
jaccard,adonis_p,0.001
jaccard,permdisp_p,0.563
jaccard,adonis_p,0.001
jaccard,permdisp_p,0.393
jaccard,adonis_p,0.001
jaccard,permdisp_p,0.391
jaccard,adonis_p,0.001
jaccard,permdisp_p,0.699
jaccard,adonis_p,0.001
jaccard,permdisp_p,0.324
jaccard,adonis_p,0.001
jaccard,permdisp_p,0.338
jaccard,adonis_p,0.001
jaccard,permdisp_p,0.571
jaccard,adonis_p,0.001
jaccard,permdisp_p,0.444
jaccard,adonis_p,0.001
jaccard,permdisp_p,0.409
jaccard,adonis_p,0.001
jaccard,permdisp_p,0.696
jaccard,adonis_p,0.001
jaccard,permdisp_p,0.665
jaccard,adonis_p,0.001
jaccard,permdisp_p,0.709
jaccard,adonis_p,0.001
jaccard,permdisp_p,0.613
jaccard,adonis_p,0.001
jaccard,permdisp_p,0.531
jaccard,adonis_p,0.001
jaccard,permdisp_p,0.504
jaccard,adonis_p,0.002
jaccard,permdisp_p,0.574
jaccard,adonis_p,0.001
jaccard,permdisp_p,0.396
jaccard,adonis_p,0.001
jaccard,permdisp_p,0.407
jaccard,adonis_p,0.001
jaccard,permdisp_p,0.182
jaccard,adonis_p,0.001
jaccard,permdisp_p,0.7
jaccard,adonis_p,0.001
jaccard,permdisp_p,0.576
jaccard,adonis_p,0.001
jaccard,permdisp_p,0.569
jaccard,adonis_p,0.001
jaccard,permdisp_p,0.679
jaccard,adonis_p,0.001
jaccard,permdisp_p,0.695
jaccard,adonis_p,0.001
jaccard,permdisp_p,0.429
jaccard,adonis_p,0.001
jaccard,permdisp_p,0.373
jaccard,adonis_p,0.001
jaccard,permdisp_p,0.515
jaccard,adonis_p,0.001
jaccard,permdisp_p,0.643
jaccard,adonis_p,0.001
jaccard,permdisp_p,0.621
jaccard,adonis_p,0.001
jaccard,permdisp_p,0.613
jaccard,adonis_p,0.001
jaccard,permdisp_p,0.644
jaccard,adonis_p,0.001
jaccard,permdisp_p,0.286
jaccard,adonis_p,0.001
jaccard,permdisp_p,0.379
jaccard,adonis_p,0.001
jaccard,permdisp_p,0.282
jaccard,adonis_p,0.001
jaccard,permdisp_p,0.687
jaccard,adonis_p,0.001
jaccard,permdisp_p,0.678
jaccard,adonis_p,0.001
jaccard,permdisp_p,0.589
jaccard,adonis_p,0.001
jaccard,permdisp_p,0.523
jaccard,adonis_p,0.001
jaccard,permdisp_p,0.572
jaccard,adonis_p,0.001
jaccard,permdisp_p,0.417
jaccard,adonis_p,0.001
jaccard,permdisp_p,0.516
jaccard,adonis_p,0.001
jaccard,permdisp_p,0.68
jaccard,adonis_p,0.001
jaccard,permdisp_p,0.619
jaccard,adonis_p,0.001
jaccard,permdisp_p,0.47
jaccard,adonis_p,0.001
jaccard,permdisp_p,0.408
jaccard,adonis_p,0.001
jaccard,permdisp_p,0.686
jaccard,adonis_p,0.001
jaccard,permdisp_p,0.522
jaccard,adonis_p,0.001
jaccard,permdisp_p,0.527
jaccard,adonis_p,0.001
jaccard,permdisp_p,0.509
jaccard,adonis_p,0.001
jaccard,permdisp_p,0.625
jaccard,adonis_p,0.001
jaccard,permdisp_p,0.298
jaccard,adonis_p,0.001
jaccard,permdisp_p,0.538
jaccard,adonis_p,0.001
jaccard,permdisp_p,0.501
jaccard,adonis_p,0.001
jaccard,permdisp_p,0.489
jaccard,adonis_p,0.001
jaccard,permdisp_p,0.498
jaccard,adonis_p,0.001
jaccard,permdisp_p,0.549
jaccard,adonis_p,0.001
jaccard,permdisp_p,0.651
jaccard,adonis_p,0.001
jaccard,permdisp_p,0.669
jaccard,adonis_p,0.001
jaccard,permdisp_p,0.368
jaccard,adonis_p,0.001
jaccard,permdisp_p,0.657
jaccard,adonis_p,0.001
jaccard,permdisp_p,0.568
jaccard,adonis_p,0.001
jaccard,permdisp_p,0.362
jaccard,adonis_p,0.001
jaccard,permdisp_p,0.164
jaccard,adonis_p,0.001
jaccard,permdisp_p,0.453
jaccard,adonis_p,0.001
jaccard,permdisp_p,0.591
jaccard,adonis_p,0.001
jaccard,permdisp_p,0.324
jaccard,adonis_p,0.001
jaccard,permdisp_p,0.397
jaccard,adonis_p,0.001
jaccard,permdisp_p,0.402
jaccard,adonis_p,0.001
jaccard,permdisp_p,0.565
jaccard,adonis_p,0.001
jaccard,permdisp_p,0.601
jaccard,adonis_p,0.001
jaccard,permdisp_p,0.647
jaccard,adonis_p,0.001
jaccard,permdisp_p,0.464
jaccard,adonis_p,0.001
jaccard,permdisp_p,0.694
jaccard,adonis_p,0.001
jaccard,permdisp_p,0.557
jaccard,adonis_p,0.001
jaccard,permdisp_p,0.736
jaccard,adonis_p,0.001
jaccard,permdisp_p,0.539
jaccard,adonis_p,0.001
jaccard,permdisp_p,0.686
jaccard,adonis_p,0.001
jaccard,permdisp_p,0.615
jaccard,adonis_p,0.001
jaccard,permdisp_p,0.491
jaccard,adonis_p,0.001
jaccard,permdisp_p,0.41
jaccard,adonis_p,0.001
jaccard,permdisp_p,0.456
jaccard,adonis_p,0.001
jaccard,permdisp_p,0.459
jaccard,adonis_p,0.001
jaccard,permdisp_p,0.514
jaccard,adonis_p,0.001
jaccard,permdisp_p,0.403
jaccard,adonis_p,0.001
jaccard,permdisp_p,0.564
jaccard,adonis_p,0.001
jaccard,permdisp_p,0.543
jaccard,adonis_p,0.001
jaccard,permdisp_p,0.608
jaccard,adonis_p,0.001
jaccard,permdisp_p,0.549
jaccard,adonis_p,0.001
jaccard,permdisp_p,0.629
jaccard,adonis_p,0.001
jaccard,permdisp_p,0.434
jaccard,adonis_p,0.001
jaccard,permdisp_p,0.668
jaccard,adonis_p,0.001
jaccard,permdisp_p,0.721
jaccard,adonis_p,0.001
jaccard,permdisp_p,0.488
jaccard,adonis_p,0.001
jaccard,permdisp_p,0.445
jaccard,adonis_p,0.001
jaccard,permdisp_p,0.571
jaccard,adonis_p,0.001
jaccard,permdisp_p,0.49
jaccard,adonis_p,0.001
jaccard,permdisp_p,0.305
jaccard,adonis_p,0.001
jaccard,permdisp_p,0.385
jaccard,adonis_p,0.001
jaccard,permdisp_p,0.358
jaccard,adonis_p,0.001
jaccard,permdisp_p,0.358
jaccard,adonis_p,0.001
jaccard,permdisp_p,0.732
jaccard,adonis_p,0.001
jaccard,permdisp_p,0.284
jaccard,adonis_p,0.001
jaccard,permdisp_p,0.363
jaccard,adonis_p,0.001
jaccard,permdisp_p,0.412
jaccard,adonis_p,0.001
jaccard,permdisp_p,0.513
jaccard,adonis_p,0.001
jaccard,permdisp_p,0.535
jaccard,adonis_p,0.001
jaccard,permdisp_p,0.764
jaccard,adonis_p,0.001
jaccard,permdisp_p,0.708
jaccard,adonis_p,0.001
jaccard,permdisp_p,0.399
jaccard,adonis_p,0.001
jaccard,permdisp_p,0.501
jaccard,adonis_p,0.001
jaccard,permdisp_p,0.31
jaccard,adonis_p,0.001
jaccard,permdisp_p,0.645
jaccard,adonis_p,0.001
jaccard,permdisp_p,0.593
jaccard,adonis_p,0.001
jaccard,permdisp_p,0.29
jaccard,adonis_p,0.001
jaccard,permdisp_p,0.545
jaccard,adonis_p,0.001
jaccard,permdisp_p,0.459
jaccard,adonis_p,0.001
jaccard,permdisp_p,0.573
jaccard,adonis_p,0.001
jaccard,permdisp_p,0.669
jaccard,adonis_p,0.001
jaccard,permdisp_p,0.536
jaccard,adonis_p,0.002
jaccard,permdisp_p,0.691
jaccard,adonis_p,0.001
jaccard,permdisp_p,0.671
jaccard,adonis_p,0.001
jaccard,permdisp_p,0.358
jaccard,adonis_p,0.001
jaccard,permdisp_p,0.469
jaccard,adonis_p,0.001
jaccard,permdisp_p,0.407
jaccard,adonis_p,0.002
jaccard,permdisp_p,0.508
jaccard,adonis_p,0.001
jaccard,permdisp_p,0.617
jaccard,adonis_p,0.001
jaccard,permdisp_p,0.673
jaccard,adonis_p,0.001
jaccard,permdisp_p,0.546
jaccard,adonis_p,0.001
jaccard,permdisp_p,0.334
jaccard,adonis_p,0.001
jaccard,permdisp_p,0.359
jaccard,adonis_p,0.001
jaccard,permdisp_p,0.525
jaccard,adonis_p,0.001
jaccard,permdisp_p,0.555
jaccard,adonis_p,0.001
jaccard,permdisp_p,0.516
jaccard,adonis_p,0.001
jaccard,permdisp_p,0.701
jaccard,adonis_p,0.001
jaccard,permdisp_p,0.406
jaccard,adonis_p,0.001
jaccard,permdisp_p,0.586
jaccard,adonis_p,0.001
jaccard,permdisp_p,0.358
jaccard,adonis_p,0.001
jaccard,permdisp_p,0.365
jaccard,adonis_p,0.001
jaccard,permdisp_p,0.552
jaccard,adonis_p,0.001
jaccard,permdisp_p,0.603
jaccard,adonis_p,0.001
jaccard,permdisp_p,0.529
jaccard,adonis_p,0.001
jaccard,permdisp_p,0.395
jaccard,adonis_p,0.001
jaccard,permdisp_p,0.513
jaccard,adonis_p,0.001
jaccard,permdisp_p,0.627
jaccard,adonis_p,0.001
jaccard,permdisp_p,0.552
jaccard,adonis_p,0.001
jaccard,permdisp_p,0.47
jaccard,adonis_p,0.001
jaccard,permdisp_p,0.364
jaccard,adonis_p,0.001
jaccard,permdisp_p,0.29
jaccard,adonis_p,0.001
jaccard,permdisp_p,0.523
jaccard,adonis_p,0.001
jaccard,permdisp_p,0.512
jaccard,adonis_p,0.001
jaccard,permdisp_p,0.384
jaccard,adonis_p,0.001
jaccard,permdisp_p,0.54
jaccard,adonis_p,0.001
jaccard,permdisp_p,0.561
jaccard,adonis_p,0.001
jaccard,permdisp_p,0.679
jaccard,adonis_p,0.001
jaccard,permdisp_p,0.292
jaccard,adonis_p,0.001
jaccard,permdisp_p,0.604
jaccard,adonis_p,0.001
jaccard,permdisp_p,0.733
jaccard,adonis_p,0.001
jaccard,permdisp_p,0.483
jaccard,adonis_p,0.001
jaccard,permdisp_p,0.557
jaccard,adonis_p,0.001
jaccard,permdisp_p,0.655
jaccard,adonis_p,0.001
jaccard,permdisp_p,0.41
jaccard,adonis_p,0.001
jaccard,permdisp_p,0.397
jaccard,adonis_p,0.001
jaccard,permdisp_p,0.494
jaccard,adonis_p,0.001
jaccard,permdisp_p,0.527
jaccard,adonis_p,0.001
jaccard,permdisp_p,0.584
jaccard,adonis_p,0.001
jaccard,permdisp_p,0.509
jaccard,adonis_p,0.001
jaccard,permdisp_p,0.761
jaccard,adonis_p,0.001
jaccard,permdisp_p,0.522
jaccard,adonis_p,0.001
jaccard,permdisp_p,0.624
jaccard,adonis_p,0.001
jaccard,permdisp_p,0.554
jaccard,adonis_p,0.002
jaccard,permdisp_p,0.365
jaccard,adonis_p,0.001
jaccard,permdisp_p,0.562
jaccard,adonis_p,0.001
jaccard,permdisp_p,0.497
jaccard,adonis_p,0.001
jaccard,permdisp_p,0.519
jaccard,adonis_p,0.001
jaccard,permdisp_p,0.424
jaccard,adonis_p,0.001
jaccard,permdisp_p,0.544
jaccard,adonis_p,0.001
jaccard,permdisp_p,0.502
jaccard,adonis_p,0.001
jaccard,permdisp_p,0.521
jaccard,adonis_p,0.001
jaccard,permdisp_p,0.771
jaccard,adonis_p,0.001
jaccard,permdisp_p,0.157
jaccard,adonis_p,0.001
jaccard,permdisp_p,0.476
jaccard,adonis_p,0.001
jaccard,permdisp_p,0.406
jaccard,adonis_p,0.001
jaccard,permdisp_p,0.483
jaccard,adonis_p,0.001
jaccard,permdisp_p,0.305
jaccard,adonis_p,0.001
jaccard,permdisp_p,0.373
jaccard,adonis_p,0.001
jaccard,permdisp_p,0.551
jaccard,adonis_p,0.001
jaccard,permdisp_p,0.292
jaccard,adonis_p,0.001
jaccard,permdisp_p,0.561
jaccard,adonis_p,0.001
jaccard,permdisp_p,0.492
jaccard,adonis_p,0.001
jaccard,permdisp_p,0.678
jaccard,adonis_p,0.001
jaccard,permdisp_p,0.562
jaccard,adonis_p,0.001
jaccard,permdisp_p,0.538
jaccard,adonis_p,0.001
jaccard,permdisp_p,0.515
jaccard,adonis_p,0.001
jaccard,permdisp_p,0.547
jaccard,adonis_p,0.001
jaccard,permdisp_p,0.318
jaccard,adonis_p,0.001
jaccard,permdisp_p,0.555
jaccard,adonis_p,0.001
jaccard,permdisp_p,0.715
jaccard,adonis_p,0.001
jaccard,permdisp_p,0.643
jaccard,adonis_p,0.001
jaccard,permdisp_p,0.236
jaccard,adonis_p,0.001
jaccard,permdisp_p,0.476
jaccard,adonis_p,0.001
jaccard,permdisp_p,0.304
jaccard,adonis_p,0.001
jaccard,permdisp_p,0.664
jaccard,adonis_p,0.001
jaccard,permdisp_p,0.303
jaccard,adonis_p,0.001
jaccard,permdisp_p,0.426
jaccard,adonis_p,0.001
jaccard,permdisp_p,0.469
jaccard,adonis_p,0.001
jaccard,permdisp_p,0.436
jaccard,adonis_p,0.001
jaccard,permdisp_p,0.49
jaccard,adonis_p,0.001
jaccard,permdisp_p,0.191
jaccard,adonis_p,0.001
jaccard,permdisp_p,0.348
jaccard,adonis_p,0.001
jaccard,permdisp_p,0.472
jaccard,adonis_p,0.001
jaccard,permdisp_p,0.656
jaccard,adonis_p,0.001
jaccard,permdisp_p,0.527
jaccard,adonis_p,0.001
jaccard,permdisp_p,0.514
jaccard,adonis_p,0.001
jaccard,permdisp_p,0.18
jaccard,adonis_p,0.001
jaccard,permdisp_p,0.554
jaccard,adonis_p,0.001
jaccard,permdisp_p,0.284
jaccard,adonis_p,0.001
jaccard,permdisp_p,0.693
jaccard,adonis_p,0.001
jaccard,permdisp_p,0.547
jaccard,adonis_p,0.001
jaccard,permdisp_p,0.314
jaccard,adonis_p,0.001
jaccard,permdisp_p,0.443
jaccard,adonis_p,0.002
jaccard,permdisp_p,0.532
jaccard,adonis_p,0.001
jaccard,permdisp_p,0.509
jaccard,adonis_p,0.001
jaccard,permdisp_p,0.669
jaccard,adonis_p,0.001
jaccard,permdisp_p,0.611
jaccard,adonis_p,0.001
jaccard,permdisp_p,0.673
jaccard,adonis_p,0.001
jaccard,permdisp_p,0.51
jaccard,adonis_p,0.001
jaccard,permdisp_p,0.387
jaccard,adonis_p,0.002
jaccard,permdisp_p,0.484
jaccard,adonis_p,0.001
jaccard,permdisp_p,0.485
jaccard,adonis_p,0.002
jaccard,permdisp_p,0.494
jaccard,adonis_p,0.001
jaccard,permdisp_p,0.643
jaccard,adonis_p,0.001
jaccard,permdisp_p,0.638
jaccard,adonis_p,0.001
jaccard,permdisp_p,0.319
jaccard,adonis_p,0.001
jaccard,permdisp_p,0.527
jaccard,adonis_p,0.001
jaccard,permdisp_p,0.601
jaccard,adonis_p,0.001
jaccard,permdisp_p,0.427
jaccard,adonis_p,0.001
jaccard,permdisp_p,0.449
jaccard,adonis_p,0.001
jaccard,permdisp_p,0.478
jaccard,adonis_p,0.001
jaccard,permdisp_p,0.55
jaccard,adonis_p,0.001
jaccard,permdisp_p,0.547
jaccard,adonis_p,0.001
jaccard,permdisp_p,0.554
jaccard,adonis_p,0.001
jaccard,permdisp_p,0.562
jaccard,adonis_p,0.001
jaccard,permdisp_p,0.599
jaccard,adonis_p,0.001
jaccard,permdisp_p,0.448
jaccard,adonis_p,0.001
jaccard,permdisp_p,0.616
jaccard,adonis_p,0.001
jaccard,permdisp_p,0.469
jaccard,adonis_p,0.001
jaccard,permdisp_p,0.62
jaccard,adonis_p,0.001
jaccard,permdisp_p,0.57
jaccard,adonis_p,0.001
jaccard,permdisp_p,0.517
jaccard,adonis_p,0.001
jaccard,permdisp_p,0.568
jaccard,adonis_p,0.001
jaccard,permdisp_p,0.534
jaccard,adonis_p,0.001
jaccard,permdisp_p,0.394
jaccard,adonis_p,0.001
jaccard,permdisp_p,0.281
jaccard,adonis_p,0.001
jaccard,permdisp_p,0.683
jaccard,adonis_p,0.001
jaccard,permdisp_p,0.545
jaccard,adonis_p,0.001
jaccard,permdisp_p,0.379
jaccard,adonis_p,0.001
jaccard,permdisp_p,0.554
jaccard,adonis_p,0.001
jaccard,permdisp_p,0.453
jaccard,adonis_p,0.001
jaccard,permdisp_p,0.243
jaccard,adonis_p,0.001
jaccard,permdisp_p,0.446
jaccard,adonis_p,0.002
jaccard,permdisp_p,0.517
jaccard,adonis_p,0.001
jaccard,permdisp_p,0.594
jaccard,adonis_p,0.002
jaccard,permdisp_p,0.709
jaccard,adonis_p,0.001
jaccard,permdisp_p,0.352
jaccard,adonis_p,0.001
jaccard,permdisp_p,0.657
jaccard,adonis_p,0.001
jaccard,permdisp_p,0.655
jaccard,adonis_p,0.002
jaccard,permdisp_p,0.65
jaccard,adonis_p,0.001
jaccard,permdisp_p,0.517
jaccard,adonis_p,0.001
jaccard,permdisp_p,0.431
jaccard,adonis_p,0.001
jaccard,permdisp_p,0.734
jaccard,adonis_p,0.001
jaccard,permdisp_p,0.614
jaccard,adonis_p,0.001
jaccard,permdisp_p,0.397
jaccard,adonis_p,0.001
jaccard,permdisp_p,0.544
jaccard,adonis_p,0.001
jaccard,permdisp_p,0.659
jaccard,adonis_p,0.001
jaccard,permdisp_p,0.499
jaccard,adonis_p,0.001
jaccard,permdisp_p,0.636
jaccard,adonis_p,0.001
jaccard,permdisp_p,0.53
jaccard,adonis_p,0.001
jaccard,permdisp_p,0.569
jaccard,adonis_p,0.001
jaccard,permdisp_p,0.448
jaccard,adonis_p,0.001
jaccard,permdisp_p,0.505
jaccard,adonis_p,0.001
jaccard,permdisp_p,0.558
jaccard,adonis_p,0.001
jaccard,permdisp_p,0.654
jaccard,adonis_p,0.001
jaccard,permdisp_p,0.587
jaccard,adonis_p,0.001
jaccard,permdisp_p,0.414
jaccard,adonis_p,0.001
jaccard,permdisp_p,0.405
jaccard,adonis_p,0.001
jaccard,permdisp_p,0.518
jaccard,adonis_p,0.001
jaccard,permdisp_p,0.505
jaccard,adonis_p,0.001
jaccard,permdisp_p,0.336
jaccard,adonis_p,0.001
jaccard,permdisp_p,0.372
jaccard,adonis_p,0.001
jaccard,permdisp_p,0.532
jaccard,adonis_p,0.001
jaccard,permdisp_p,0.533
jaccard,adonis_p,0.001
jaccard,permdisp_p,0.727
jaccard,adonis_p,0.001
jaccard,permdisp_p,0.532
jaccard,adonis_p,0.001
jaccard,permdisp_p,0.516
jaccard,adonis_p,0.001
jaccard,permdisp_p,0.686
jaccard,adonis_p,0.001
jaccard,permdisp_p,0.524
jaccard,adonis_p,0.001
jaccard,permdisp_p,0.439
jaccard,adonis_p,0.001
jaccard,permdisp_p,0.556
jaccard,adonis_p,0.001
jaccard,permdisp_p,0.662
jaccard,adonis_p,0.001
jaccard,permdisp_p,0.565
jaccard,adonis_p,0.001
jaccard,permdisp_p,0.509
jaccard,adonis_p,0.001
jaccard,permdisp_p,0.489
jaccard,adonis_p,0.001
jaccard,permdisp_p,0.571
jaccard,adonis_p,0.001
jaccard,permdisp_p,0.406
jaccard,adonis_p,0.001
jaccard,permdisp_p,0.521
jaccard,adonis_p,0.001
jaccard,permdisp_p,0.525
jaccard,adonis_p,0.002
jaccard,permdisp_p,0.525
jaccard,adonis_p,0.001
jaccard,permdisp_p,0.48
jaccard,adonis_p,0.002
jaccard,permdisp_p,0.56
jaccard,adonis_p,0.001
jaccard,permdisp_p,0.561
jaccard,adonis_p,0.001
jaccard,permdisp_p,0.361
jaccard,adonis_p,0.001
jaccard,permdisp_p,0.535
jaccard,adonis_p,0.001
jaccard,permdisp_p,0.674
jaccard,adonis_p,0.001
jaccard,permdisp_p,0.675
jaccard,adonis_p,0.001
jaccard,permdisp_p,0.714
jaccard,adonis_p,0.001
jaccard,permdisp_p,0.499
jaccard,adonis_p,0.002
jaccard,permdisp_p,0.575
jaccard,adonis_p,0.001
jaccard,permdisp_p,0.567
jaccard,adonis_p,0.001
jaccard,permdisp_p,0.477
jaccard,adonis_p,0.001
jaccard,permdisp_p,0.354
jaccard,adonis_p,0.001
jaccard,permdisp_p,0.474
jaccard,adonis_p,0.001
jaccard,permdisp_p,0.621
jaccard,adonis_p,0.001
jaccard,permdisp_p,0.529
jaccard,adonis_p,0.001
jaccard,permdisp_p,0.259
jaccard,adonis_p,0.001
jaccard,permdisp_p,0.725
jaccard,adonis_p,0.001
jaccard,permdisp_p,0.679
jaccard,adonis_p,0.001
jaccard,permdisp_p,0.644
jaccard,adonis_p,0.001
jaccard,permdisp_p,0.432
jaccard,adonis_p,0.001
jaccard,permdisp_p,0.528
jaccard,adonis_p,0.001
jaccard,permdisp_p,0.554
jaccard,adonis_p,0.001
jaccard,permdisp_p,0.545
jaccard,adonis_p,0.001
jaccard,permdisp_p,0.582
jaccard,adonis_p,0.001
jaccard,permdisp_p,0.582
jaccard,adonis_p,0.001
jaccard,permdisp_p,0.437
jaccard,adonis_p,0.001
jaccard,permdisp_p,0.403
jaccard,adonis_p,0.001
jaccard,permdisp_p,0.571
jaccard,adonis_p,0.001
jaccard,permdisp_p,0.721
jaccard,adonis_p,0.001
jaccard,permdisp_p,0.488
jaccard,adonis_p,0.001
jaccard,permdisp_p,0.677
jaccard,adonis_p,0.001
jaccard,permdisp_p,0.545
jaccard,adonis_p,0.002
jaccard,permdisp_p,0.481
jaccard,adonis_p,0.002
jaccard,permdisp_p,0.4
jaccard,adonis_p,0.002
jaccard,permdisp_p,0.596
jaccard,adonis_p,0.001
jaccard,permdisp_p,0.264
jaccard,adonis_p,0.001
jaccard,permdisp_p,0.636
jaccard,adonis_p,0.001
jaccard,permdisp_p,0.471
jaccard,adonis_p,0.001
jaccard,permdisp_p,0.317
jaccard,adonis_p,0.001
jaccard,permdisp_p,0.59
jaccard,adonis_p,0.001
jaccard,permdisp_p,0.646
jaccard,adonis_p,0.001
jaccard,permdisp_p,0.648
jaccard,adonis_p,0.001
jaccard,permdisp_p,0.559
jaccard,adonis_p,0.001
jaccard,permdisp_p,0.654
jaccard,adonis_p,0.001
jaccard,permdisp_p,0.74
jaccard,adonis_p,0.001
jaccard,permdisp_p,0.649
jaccard,adonis_p,0.001
jaccard,permdisp_p,0.478
jaccard,adonis_p,0.001
jaccard,permdisp_p,0.614
jaccard,adonis_p,0.001
jaccard,permdisp_p,0.518
jaccard,adonis_p,0.001
jaccard,permdisp_p,0.492
jaccard,adonis_p,0.001
jaccard,permdisp_p,0.594
jaccard,adonis_p,0.001
jaccard,permdisp_p,0.348
jaccard,adonis_p,0.001
jaccard,permdisp_p,0.421
jaccard,adonis_p,0.001
jaccard,permdisp_p,0.557
jaccard,adonis_p,0.001
jaccard,permdisp_p,0.559
jaccard,adonis_p,0.001
jaccard,permdisp_p,0.459
jaccard,adonis_p,0.001
jaccard,permdisp_p,0.302
jaccard,adonis_p,0.001
jaccard,permdisp_p,0.55
jaccard,adonis_p,0.001
jaccard,permdisp_p,0.272
jaccard,adonis_p,0.001
jaccard,permdisp_p,0.518
jaccard,adonis_p,0.001
jaccard,permdisp_p,0.466
jaccard,adonis_p,0.001
jaccard,permdisp_p,0.277
jaccard,adonis_p,0.001
jaccard,permdisp_p,0.577
jaccard,adonis_p,0.001
jaccard,permdisp_p,0.493
jaccard,adonis_p,0.001
jaccard,permdisp_p,0.401
jaccard,adonis_p,0.001
jaccard,permdisp_p,0.459
jaccard,adonis_p,0.001
jaccard,permdisp_p,0.474
jaccard,adonis_p,0.001
jaccard,permdisp_p,0.549
jaccard,adonis_p,0.001
jaccard,permdisp_p,0.628
jaccard,adonis_p,0.001
jaccard,permdisp_p,0.603
jaccard,adonis_p,0.001
jaccard,permdisp_p,0.526
jaccard,adonis_p,0.001
jaccard,permdisp_p,0.573
jaccard,adonis_p,0.001
jaccard,permdisp_p,0.457
jaccard,adonis_p,0.001
jaccard,permdisp_p,0.654
jaccard,adonis_p,0.001
jaccard,permdisp_p,0.529
jaccard,adonis_p,0.001
jaccard,permdisp_p,0.554
jaccard,adonis_p,0.001
jaccard,permdisp_p,0.539
jaccard,adonis_p,0.001
jaccard,permdisp_p,0.631
jaccard,adonis_p,0.001
jaccard,permdisp_p,0.383
jaccard,adonis_p,0.001
jaccard,permdisp_p,0.31
jaccard,adonis_p,0.001
jaccard,permdisp_p,0.583
jaccard,adonis_p,0.001
jaccard,permdisp_p,0.592
jaccard,adonis_p,0.001
jaccard,permdisp_p,0.37
jaccard,adonis_p,0.001
jaccard,permdisp_p,0.69
jaccard,adonis_p,0.001
jaccard,permdisp_p,0.55
jaccard,adonis_p,0.001
jaccard,permdisp_p,0.572
jaccard,adonis_p,0.001
jaccard,permdisp_p,0.512
jaccard,adonis_p,0.001
jaccard,permdisp_p,0.499
jaccard,adonis_p,0.001
jaccard,permdisp_p,0.729
jaccard,adonis_p,0.001
jaccard,permdisp_p,0.512
jaccard,adonis_p,0.001
jaccard,permdisp_p,0.478
jaccard,adonis_p,0.001
jaccard,permdisp_p,0.685
jaccard,adonis_p,0.001
jaccard,permdisp_p,0.56
jaccard,adonis_p,0.001
jaccard,permdisp_p,0.659
jaccard,adonis_p,0.001
jaccard,permdisp_p,0.559
jaccard,adonis_p,0.001
jaccard,permdisp_p,0.668
jaccard,adonis_p,0.001
jaccard,permdisp_p,0.596
jaccard,adonis_p,0.001
jaccard,permdisp_p,0.334
jaccard,adonis_p,0.001
jaccard,permdisp_p,0.622
jaccard,adonis_p,0.001
jaccard,permdisp_p,0.639
jaccard,adonis_p,0.001
jaccard,permdisp_p,0.632
jaccard,adonis_p,0.001
jaccard,permdisp_p,0.33
jaccard,adonis_p,0.001
jaccard,permdisp_p,0.435
jaccard,adonis_p,0.001
jaccard,permdisp_p,0.597
jaccard,adonis_p,0.001
jaccard,permdisp_p,0.537
jaccard,adonis_p,0.001
jaccard,permdisp_p,0.633
jaccard,adonis_p,0.001
jaccard,permdisp_p,0.37
jaccard,adonis_p,0.001
jaccard,permdisp_p,0.249
jaccard,adonis_p,0.001
jaccard,permdisp_p,0.553
jaccard,adonis_p,0.001
jaccard,permdisp_p,0.533
jaccard,adonis_p,0.001
jaccard,permdisp_p,0.307
jaccard,adonis_p,0.001
jaccard,permdisp_p,0.631
jaccard,adonis_p,0.001
jaccard,permdisp_p,0.638
jaccard,adonis_p,0.001
jaccard,permdisp_p,0.665
jaccard,adonis_p,0.001
jaccard,permdisp_p,0.493
jaccard,adonis_p,0.001
jaccard,permdisp_p,0.571
jaccard,adonis_p,0.001
jaccard,permdisp_p,0.64
jaccard,adonis_p,0.002
jaccard,permdisp_p,0.479
jaccard,adonis_p,0.001
jaccard,permdisp_p,0.523
jaccard,adonis_p,0.001
jaccard,permdisp_p,0.668
jaccard,adonis_p,0.001
jaccard,permdisp_p,0.428
jaccard,adonis_p,0.001
jaccard,permdisp_p,0.523
jaccard,adonis_p,0.001
jaccard,permdisp_p,0.159
jaccard,adonis_p,0.001
jaccard,permdisp_p,0.506
jaccard,adonis_p,0.001
jaccard,permdisp_p,0.17
jaccard,adonis_p,0.001
jaccard,permdisp_p,0.536
jaccard,adonis_p,0.001
jaccard,permdisp_p,0.511
jaccard,adonis_p,0.001
jaccard,permdisp_p,0.66
jaccard,adonis_p,0.001
jaccard,permdisp_p,0.398
jaccard,adonis_p,0.001
jaccard,permdisp_p,0.609
jaccard,adonis_p,0.001
jaccard,permdisp_p,0.464
jaccard,adonis_p,0.001
jaccard,permdisp_p,0.501
jaccard,adonis_p,0.001
jaccard,permdisp_p,0.594
jaccard,adonis_p,0.001
jaccard,permdisp_p,0.557
jaccard,adonis_p,0.001
jaccard,permdisp_p,0.582
jaccard,adonis_p,0.001
jaccard,permdisp_p,0.584
jaccard,adonis_p,0.001
jaccard,permdisp_p,0.64
jaccard,adonis_p,0.001
jaccard,permdisp_p,0.487
jaccard,adonis_p,0.001
jaccard,permdisp_p,0.518
jaccard,adonis_p,0.001
gower,permdisp_p,0.004
gower,adonis_p,0.003
gower,permdisp_p,0.004
gower,adonis_p,0.001
gower,permdisp_p,0.011
gower,adonis_p,0.001
gower,permdisp_p,0.004
gower,adonis_p,0.002
gower,permdisp_p,0.004
gower,adonis_p,0.004
gower,permdisp_p,0.015
gower,adonis_p,0.002
gower,permdisp_p,0.005
gower,adonis_p,0.001
gower,permdisp_p,0.01
gower,adonis_p,0.007
gower,permdisp_p,0.001
gower,adonis_p,0.003
gower,permdisp_p,0.003
gower,adonis_p,0.001
gower,permdisp_p,0.005
gower,adonis_p,0.002
gower,permdisp_p,0.002
gower,adonis_p,0.002
gower,permdisp_p,0.001
gower,adonis_p,0.001
gower,permdisp_p,0.005
gower,adonis_p,0.003
gower,permdisp_p,0.002
gower,adonis_p,0.002
gower,permdisp_p,0.008
gower,adonis_p,0.001
gower,permdisp_p,0.003
gower,adonis_p,0.003
gower,permdisp_p,0.005
gower,adonis_p,0.002
gower,permdisp_p,0.004
gower,adonis_p,0.003
gower,permdisp_p,0.003
gower,adonis_p,0.003
gower,permdisp_p,0.006
gower,adonis_p,0.003
gower,permdisp_p,0.002
gower,adonis_p,0.005
gower,permdisp_p,0.004
gower,adonis_p,0.003
gower,permdisp_p,0.002
gower,adonis_p,0.003
gower,permdisp_p,0.007
gower,adonis_p,0.001
gower,permdisp_p,0.008
gower,adonis_p,0.001
gower,permdisp_p,0.005
gower,adonis_p,0.002
gower,permdisp_p,0.014
gower,adonis_p,0.019
gower,permdisp_p,0.003
gower,adonis_p,0.001
gower,permdisp_p,0.005
gower,adonis_p,0.002
gower,permdisp_p,0.022
gower,adonis_p,0.004
gower,permdisp_p,0.003
gower,adonis_p,0.003
gower,permdisp_p,0.007
gower,adonis_p,0.005
gower,permdisp_p,0.013
gower,adonis_p,0.001
gower,permdisp_p,0.006
gower,adonis_p,0.008
gower,permdisp_p,0.015
gower,adonis_p,0.001
gower,permdisp_p,0.002
gower,adonis_p,0.001
gower,permdisp_p,0.006
gower,adonis_p,0.005
gower,permdisp_p,0.008
gower,adonis_p,0.005
gower,permdisp_p,0.001
gower,adonis_p,0.002
gower,permdisp_p,0.001
gower,adonis_p,0.001
gower,permdisp_p,0.007
gower,adonis_p,0.001
gower,permdisp_p,0.008
gower,adonis_p,0.007
gower,permdisp_p,0.005
gower,adonis_p,0.001
gower,permdisp_p,0.004
gower,adonis_p,0.003
gower,permdisp_p,0.007
gower,adonis_p,0.004
gower,permdisp_p,0.003
gower,adonis_p,0.001
gower,permdisp_p,0.005
gower,adonis_p,0.001
gower,permdisp_p,0.012
gower,adonis_p,0.001
gower,permdisp_p,0.001
gower,adonis_p,0.003
gower,permdisp_p,0.004
gower,adonis_p,0.003
gower,permdisp_p,0.008
gower,adonis_p,0.003
gower,permdisp_p,0.004
gower,adonis_p,0.005
gower,permdisp_p,0.005
gower,adonis_p,0.004
gower,permdisp_p,0.008
gower,adonis_p,0.003
gower,permdisp_p,0.004
gower,adonis_p,0.004
gower,permdisp_p,0.012
gower,adonis_p,0.012
gower,permdisp_p,0.002
gower,adonis_p,0.002
gower,permdisp_p,0.004
gower,adonis_p,0.004
gower,permdisp_p,0.003
gower,adonis_p,0.004
gower,permdisp_p,0.002
gower,adonis_p,0.009
gower,permdisp_p,0.005
gower,adonis_p,0.008
gower,permdisp_p,0.001
gower,adonis_p,0.002
gower,permdisp_p,0.002
gower,adonis_p,0.002
gower,permdisp_p,0.001
gower,adonis_p,0.001
gower,permdisp_p,0.002
gower,adonis_p,0.001
gower,permdisp_p,0.008
gower,adonis_p,0.001
gower,permdisp_p,0.003
gower,adonis_p,0.004
gower,permdisp_p,0.006
gower,adonis_p,0.004
gower,permdisp_p,0.007
gower,adonis_p,0.004
gower,permdisp_p,0.007
gower,adonis_p,0.001
gower,permdisp_p,0.007
gower,adonis_p,0.002
gower,permdisp_p,0.005
gower,adonis_p,0.002
gower,permdisp_p,0.001
gower,adonis_p,0.004
gower,permdisp_p,0.007
gower,adonis_p,0.013
gower,permdisp_p,0.008
gower,adonis_p,0.002
gower,permdisp_p,0.009
gower,adonis_p,0.003
gower,permdisp_p,0.001
gower,adonis_p,0.001
gower,permdisp_p,0.004
gower,adonis_p,0.001
gower,permdisp_p,0.004
gower,adonis_p,0.001
gower,permdisp_p,0.001
gower,adonis_p,0.001
gower,permdisp_p,0.012
gower,adonis_p,0.001
gower,permdisp_p,0.003
gower,adonis_p,0.002
gower,permdisp_p,0.001
gower,adonis_p,0.002
gower,permdisp_p,0.006
gower,adonis_p,0.001
gower,permdisp_p,0.005
gower,adonis_p,0.003
gower,permdisp_p,0.007
gower,adonis_p,0.001
gower,permdisp_p,0.002
gower,adonis_p,0.001
gower,permdisp_p,0.006
gower,adonis_p,0.002
gower,permdisp_p,0.01
gower,adonis_p,0.002
gower,permdisp_p,0.006
gower,adonis_p,0.008
gower,permdisp_p,0.001
gower,adonis_p,0.002
gower,permdisp_p,0.008
gower,adonis_p,0.005
gower,permdisp_p,0.005
gower,adonis_p,0.004
gower,permdisp_p,0.004
gower,adonis_p,0.001
gower,permdisp_p,0.009
gower,adonis_p,0.001
gower,permdisp_p,0.012
gower,adonis_p,0.002
gower,permdisp_p,0.013
gower,adonis_p,0.009
gower,permdisp_p,0.003
gower,adonis_p,0.002
gower,permdisp_p,0.004
gower,adonis_p,0.01
gower,permdisp_p,0.006
gower,adonis_p,0.003
gower,permdisp_p,0.012
gower,adonis_p,0.001
gower,permdisp_p,0.015
gower,adonis_p,0.003
gower,permdisp_p,0.002
gower,adonis_p,0.007
gower,permdisp_p,0.005
gower,adonis_p,0.003
gower,permdisp_p,0.004
gower,adonis_p,0.007
gower,permdisp_p,0.007
gower,adonis_p,0.008
gower,permdisp_p,0.014
gower,adonis_p,0.001
gower,permdisp_p,0.004
gower,adonis_p,0.01
gower,permdisp_p,0.01
gower,adonis_p,0.003
gower,permdisp_p,0.003
gower,adonis_p,0.001
gower,permdisp_p,0.004
gower,adonis_p,0.005
gower,permdisp_p,0.004
gower,adonis_p,0.005
gower,permdisp_p,0.004
gower,adonis_p,0.003
gower,permdisp_p,0.004
gower,adonis_p,0.004
gower,permdisp_p,0.001
gower,adonis_p,0.002
gower,permdisp_p,0.002
gower,adonis_p,0.004
gower,permdisp_p,0.003
gower,adonis_p,0.002
gower,permdisp_p,0.002
gower,adonis_p,0.004
gower,permdisp_p,0.007
gower,adonis_p,0.003
gower,permdisp_p,0.004
gower,adonis_p,0.002
gower,permdisp_p,0.003
gower,adonis_p,0.003
gower,permdisp_p,0.007
gower,adonis_p,0.004
gower,permdisp_p,0.019
gower,adonis_p,0.001
gower,permdisp_p,0.005
gower,adonis_p,0.009
gower,permdisp_p,0.009
gower,adonis_p,0.002
gower,permdisp_p,0.005
gower,adonis_p,0.001
gower,permdisp_p,0.001
gower,adonis_p,0.001
gower,permdisp_p,0.01
gower,adonis_p,0.004
gower,permdisp_p,0.005
gower,adonis_p,0.001
gower,permdisp_p,0.008
gower,adonis_p,0.004
gower,permdisp_p,0.003
gower,adonis_p,0.004
gower,permdisp_p,0.002
gower,adonis_p,0.001
gower,permdisp_p,0.013
gower,adonis_p,0.01
gower,permdisp_p,0.006
gower,adonis_p,0.001
gower,permdisp_p,0.011
gower,adonis_p,0.005
gower,permdisp_p,0.008
gower,adonis_p,0.002
gower,permdisp_p,0.01
gower,adonis_p,0.002
gower,permdisp_p,0.01
gower,adonis_p,0.009
gower,permdisp_p,0.004
gower,adonis_p,0.004
gower,permdisp_p,0.007
gower,adonis_p,0.007
gower,permdisp_p,0.003
gower,adonis_p,0.001
gower,permdisp_p,0.003
gower,adonis_p,0.006
gower,permdisp_p,0.003
gower,adonis_p,0.007
gower,permdisp_p,0.002
gower,adonis_p,0.001
gower,permdisp_p,0.002
gower,adonis_p,0.004
gower,permdisp_p,0.004
gower,adonis_p,0.005
gower,permdisp_p,0.005
gower,adonis_p,0.005
gower,permdisp_p,0.019
gower,adonis_p,0.002
gower,permdisp_p,0.004
gower,adonis_p,0.001
gower,permdisp_p,0.006
gower,adonis_p,0.002
gower,permdisp_p,0.004
gower,adonis_p,0.003
gower,permdisp_p,0.002
gower,adonis_p,0.002
gower,permdisp_p,0.002
gower,adonis_p,0.001
gower,permdisp_p,0.005
gower,adonis_p,0.004
gower,permdisp_p,0.001
gower,adonis_p,0.001
gower,permdisp_p,0.012
gower,adonis_p,0.001
gower,permdisp_p,0.01
gower,adonis_p,0.003
gower,permdisp_p,0.012
gower,adonis_p,0.003
gower,permdisp_p,0.005
gower,adonis_p,0.001
gower,permdisp_p,0.006
gower,adonis_p,0.001
gower,permdisp_p,0.009
gower,adonis_p,0.002
gower,permdisp_p,0.01
gower,adonis_p,0.004
gower,permdisp_p,0.01
gower,adonis_p,0.003
gower,permdisp_p,0.007
gower,adonis_p,0.003
gower,permdisp_p,0.003
gower,adonis_p,0.003
gower,permdisp_p,0.008
gower,adonis_p,0.001
gower,permdisp_p,0.001
gower,adonis_p,0.003
gower,permdisp_p,0.002
gower,adonis_p,0.002
gower,permdisp_p,0.005
gower,adonis_p,0.001
gower,permdisp_p,0.006
gower,adonis_p,0.005
gower,permdisp_p,0.01
gower,adonis_p,0.001
gower,permdisp_p,0.008
gower,adonis_p,0.002
gower,permdisp_p,0.003
gower,adonis_p,0.007
gower,permdisp_p,0.008
gower,adonis_p,0.002
gower,permdisp_p,0.01
gower,adonis_p,0.006
gower,permdisp_p,0.008
gower,adonis_p,0.017
gower,permdisp_p,0.008
gower,adonis_p,0.008
gower,permdisp_p,0.01
gower,adonis_p,0.005
gower,permdisp_p,0.005
gower,adonis_p,0.011
gower,permdisp_p,0.006
gower,adonis_p,0.003
gower,permdisp_p,0.004
gower,adonis_p,0.001
gower,permdisp_p,0.003
gower,adonis_p,0.001
gower,permdisp_p,0.003
gower,adonis_p,0.005
gower,permdisp_p,0.002
gower,adonis_p,0.002
gower,permdisp_p,0.008
gower,adonis_p,0.003
gower,permdisp_p,0.002
gower,adonis_p,0.002
gower,permdisp_p,0.007
gower,adonis_p,0.002
gower,permdisp_p,0.008
gower,adonis_p,0.006
gower,permdisp_p,0.005
gower,adonis_p,0.001
gower,permdisp_p,0.002
gower,adonis_p,0.002
gower,permdisp_p,0.006
gower,adonis_p,0.004
gower,permdisp_p,0.003
gower,adonis_p,0.002
gower,permdisp_p,0.004
gower,adonis_p,0.001
gower,permdisp_p,0.002
gower,adonis_p,0.003
gower,permdisp_p,0.007
gower,adonis_p,0.004
gower,permdisp_p,0.003
gower,adonis_p,0.003
gower,permdisp_p,0.003
gower,adonis_p,0.001
gower,permdisp_p,0.002
gower,adonis_p,0.001
gower,permdisp_p,0.012
gower,adonis_p,0.002
gower,permdisp_p,0.002
gower,adonis_p,0.002
gower,permdisp_p,0.003
gower,adonis_p,0.002
gower,permdisp_p,0.007
gower,adonis_p,0.004
gower,permdisp_p,0.003
gower,adonis_p,0.007
gower,permdisp_p,0.006
gower,adonis_p,0.003
gower,permdisp_p,0.006
gower,adonis_p,0.002
gower,permdisp_p,0.004
gower,adonis_p,0.007
gower,permdisp_p,0.005
gower,adonis_p,0.003
gower,permdisp_p,0.003
gower,adonis_p,0.004
gower,permdisp_p,0.008
gower,adonis_p,0.005
gower,permdisp_p,0.006
gower,adonis_p,0.002
gower,permdisp_p,0.01
gower,adonis_p,0.004
gower,permdisp_p,0.003
gower,adonis_p,0.001
gower,permdisp_p,0.002
gower,adonis_p,0.001
gower,permdisp_p,0.012
gower,adonis_p,0.001
gower,permdisp_p,0.008
gower,adonis_p,0.003
gower,permdisp_p,0.002
gower,adonis_p,0.002
gower,permdisp_p,0.003
gower,adonis_p,0.003
gower,permdisp_p,0.002
gower,adonis_p,0.008
gower,permdisp_p,0.008
gower,adonis_p,0.002
gower,permdisp_p,0.01
gower,adonis_p,0.009
gower,permdisp_p,0.005
gower,adonis_p,0.001
gower,permdisp_p,0.005
gower,adonis_p,0.004
gower,permdisp_p,0.012
gower,adonis_p,0.009
gower,permdisp_p,0.013
gower,adonis_p,0.005
gower,permdisp_p,0.007
gower,adonis_p,0.001
gower,permdisp_p,0.011
gower,adonis_p,0.004
gower,permdisp_p,0.007
gower,adonis_p,0.001
gower,permdisp_p,0.018
gower,adonis_p,0.002
gower,permdisp_p,0.003
gower,adonis_p,0.002
gower,permdisp_p,0.009
gower,adonis_p,0.009
gower,permdisp_p,0.009
gower,adonis_p,0.008
gower,permdisp_p,0.008
gower,adonis_p,0.002
gower,permdisp_p,0.013
gower,adonis_p,0.008
gower,permdisp_p,0.011
gower,adonis_p,0.003
gower,permdisp_p,0.01
gower,adonis_p,0.002
gower,permdisp_p,0.007
gower,adonis_p,0.003
gower,permdisp_p,0.001
gower,adonis_p,0.001
gower,permdisp_p,0.009
gower,adonis_p,0.001
gower,permdisp_p,0.011
gower,adonis_p,0.001
gower,permdisp_p,0.003
gower,adonis_p,0.004
gower,permdisp_p,0.005
gower,adonis_p,0.002
gower,permdisp_p,0.009
gower,adonis_p,0.001
gower,permdisp_p,0.008
gower,adonis_p,0.006
gower,permdisp_p,0.007
gower,adonis_p,0.002
gower,permdisp_p,0.015
gower,adonis_p,0.001
gower,permdisp_p,0.008
gower,adonis_p,0.001
gower,permdisp_p,0.004
gower,adonis_p,0.002
gower,permdisp_p,0.013
gower,adonis_p,0.003
gower,permdisp_p,0.012
gower,adonis_p,0.002
gower,permdisp_p,0.005
gower,adonis_p,0.002
gower,permdisp_p,0.012
gower,adonis_p,0.004
gower,permdisp_p,0.004
gower,adonis_p,0.003
gower,permdisp_p,0.005
gower,adonis_p,0.003
gower,permdisp_p,0.006
gower,adonis_p,0.004
gower,permdisp_p,0.005
gower,adonis_p,0.002
gower,permdisp_p,0.013
gower,adonis_p,0.003
gower,permdisp_p,0.006
gower,adonis_p,0.002
gower,permdisp_p,0.002
gower,adonis_p,0.003
gower,permdisp_p,0.005
gower,adonis_p,0.003
gower,permdisp_p,0.002
gower,adonis_p,0.001
gower,permdisp_p,0.002
gower,adonis_p,0.002
gower,permdisp_p,0.004
gower,adonis_p,0.011
gower,permdisp_p,0.002
gower,adonis_p,0.001
gower,permdisp_p,0.007
gower,adonis_p,0.004
gower,permdisp_p,0.009
gower,adonis_p,0.004
gower,permdisp_p,0.007
gower,adonis_p,0.002
gower,permdisp_p,0.009
gower,adonis_p,0.016
gower,permdisp_p,0.009
gower,adonis_p,0.008
gower,permdisp_p,0.001
gower,adonis_p,0.004
gower,permdisp_p,0.011
gower,adonis_p,0.001
gower,permdisp_p,0.002
gower,adonis_p,0.003
gower,permdisp_p,0.008
gower,adonis_p,0.002
gower,permdisp_p,0.002
gower,adonis_p,0.002
gower,permdisp_p,0.004
gower,adonis_p,0.001
gower,permdisp_p,0.017
gower,adonis_p,0.005
gower,permdisp_p,0.002
gower,adonis_p,0.001
gower,permdisp_p,0.011
gower,adonis_p,0.003
gower,permdisp_p,0.003
gower,adonis_p,0.001
gower,permdisp_p,0.008
gower,adonis_p,0.004
gower,permdisp_p,0.006
gower,adonis_p,0.002
gower,permdisp_p,0.008
gower,adonis_p,0.005
gower,permdisp_p,0.005
gower,adonis_p,0.005
gower,permdisp_p,0.005
gower,adonis_p,0.001
gower,permdisp_p,0.005
gower,adonis_p,0.002
gower,permdisp_p,0.001
gower,adonis_p,0.003
gower,permdisp_p,0.005
gower,adonis_p,0.003
gower,permdisp_p,0.01
gower,adonis_p,0.001
gower,permdisp_p,0.003
gower,adonis_p,0.003
gower,permdisp_p,0.006
gower,adonis_p,0.004
gower,permdisp_p,0.01
gower,adonis_p,0.002
gower,permdisp_p,0.005
gower,adonis_p,0.006
gower,permdisp_p,0.008
gower,adonis_p,0.003
gower,permdisp_p,0.005
gower,adonis_p,0.008
gower,permdisp_p,0.007
gower,adonis_p,0.003
gower,permdisp_p,0.006
gower,adonis_p,0.003
gower,permdisp_p,0.004
gower,adonis_p,0.006
gower,permdisp_p,0.003
gower,adonis_p,0.007
gower,permdisp_p,0.007
gower,adonis_p,0.004
gower,permdisp_p,0.007
gower,adonis_p,0.007
gower,permdisp_p,0.022
gower,adonis_p,0.002
gower,permdisp_p,0.007
gower,adonis_p,0.003
gower,permdisp_p,0.013
gower,adonis_p,0.002
gower,permdisp_p,0.004
gower,adonis_p,0.004
gower,permdisp_p,0.008
gower,adonis_p,0.001
gower,permdisp_p,0.01
gower,adonis_p,0.008
gower,permdisp_p,0.001
gower,adonis_p,0.002
gower,permdisp_p,0.011
gower,adonis_p,0.003
gower,permdisp_p,0.005
gower,adonis_p,0.001
gower,permdisp_p,0.002
gower,adonis_p,0.003
gower,permdisp_p,0.012
gower,adonis_p,0.001
gower,permdisp_p,0.006
gower,adonis_p,0.004
gower,permdisp_p,0.006
gower,adonis_p,0.001
gower,permdisp_p,0.003
gower,adonis_p,0.002
gower,permdisp_p,0.011
gower,adonis_p,0.003
gower,permdisp_p,0.003
gower,adonis_p,0.002
gower,permdisp_p,0.008
gower,adonis_p,0.004
gower,permdisp_p,0.004
gower,adonis_p,0.002
gower,permdisp_p,0.005
gower,adonis_p,0.001
gower,permdisp_p,0.003
gower,adonis_p,0.013
gower,permdisp_p,0.01
gower,adonis_p,0.004
gower,permdisp_p,0.006
gower,adonis_p,0.006
gower,permdisp_p,0.009
gower,adonis_p,0.006
gower,permdisp_p,0.008
gower,adonis_p,0.001
gower,permdisp_p,0.005
gower,adonis_p,0.002
gower,permdisp_p,0.006
gower,adonis_p,0.001
gower,permdisp_p,0.005
gower,adonis_p,0.001
gower,permdisp_p,0.006
gower,adonis_p,0.004
gower,permdisp_p,0.006
gower,adonis_p,0.004
gower,permdisp_p,0.004
gower,adonis_p,0.003
gower,permdisp_p,0.008
gower,adonis_p,0.003
gower,permdisp_p,0.013
gower,adonis_p,0.001
gower,permdisp_p,0.003
gower,adonis_p,0.001
gower,permdisp_p,0.011
gower,adonis_p,0.019
gower,permdisp_p,0.004
gower,adonis_p,0.001
gower,permdisp_p,0.007
gower,adonis_p,0.002
gower,permdisp_p,0.007
gower,adonis_p,0.006
gower,permdisp_p,0.003
gower,adonis_p,0.004
gower,permdisp_p,0.012
gower,adonis_p,0.001
gower,permdisp_p,0.004
gower,adonis_p,0.003
gower,permdisp_p,0.004
gower,adonis_p,0.002
gower,permdisp_p,0.002
gower,adonis_p,0.001
gower,permdisp_p,0.011
gower,adonis_p,0.001
gower,permdisp_p,0.007
gower,adonis_p,0.004
gower,permdisp_p,0.003
gower,adonis_p,0.002
gower,permdisp_p,0.002
gower,adonis_p,0.002
gower,permdisp_p,0.002
gower,adonis_p,0.002
gower,permdisp_p,0.006
gower,adonis_p,0.001
gower,permdisp_p,0.006
gower,adonis_p,0.003
gower,permdisp_p,0.003
gower,adonis_p,0.001
gower,permdisp_p,0.008
gower,adonis_p,0.007
gower,permdisp_p,0.006
gower,adonis_p,0.001
gower,permdisp_p,0.008
gower,adonis_p,0.008
gower,permdisp_p,0.004
gower,adonis_p,0.002
gower,permdisp_p,0.004
gower,adonis_p,0.002
gower,permdisp_p,0.01
gower,adonis_p,0.001
gower,permdisp_p,0.003
gower,adonis_p,0.001
gower,permdisp_p,0.002
gower,adonis_p,0.003
gower,permdisp_p,0.002
gower,adonis_p,0.001
gower,permdisp_p,0.007
gower,adonis_p,0.006
gower,permdisp_p,0.005
gower,adonis_p,0.001
gower,permdisp_p,0.005
gower,adonis_p,0.003
gower,permdisp_p,0.008
gower,adonis_p,0.004
gower,permdisp_p,0.004
gower,adonis_p,0.003
gower,permdisp_p,0.005
gower,adonis_p,0.005
gower,permdisp_p,0.007
gower,adonis_p,0.006
gower,permdisp_p,0.005
gower,adonis_p,0.005
gower,permdisp_p,0.007
gower,adonis_p,0.009
gower,permdisp_p,0.009
gower,adonis_p,0.006
gower,permdisp_p,0.007
gower,adonis_p,0.004
gower,permdisp_p,0.003
gower,adonis_p,0.002
gower,permdisp_p,0.004
gower,adonis_p,0.001
gower,permdisp_p,0.005
gower,adonis_p,0.001
gower,permdisp_p,0.012
gower,adonis_p,0.004
gower,permdisp_p,0.008
gower,adonis_p,0.02
gower,permdisp_p,0.004
gower,adonis_p,0.004
gower,permdisp_p,0.001
gower,adonis_p,0.001
gower,permdisp_p,0.004
gower,adonis_p,0.003
gower,permdisp_p,0.003
gower,adonis_p,0.001
gower,permdisp_p,0.017
gower,adonis_p,0.002
gower,permdisp_p,0.01
gower,adonis_p,0.003
gower,permdisp_p,0.005
gower,adonis_p,0.003
gower,permdisp_p,0.007
gower,adonis_p,0.004
gower,permdisp_p,0.001
gower,adonis_p,0.005
gower,permdisp_p,0.004
gower,adonis_p,0.002
gower,permdisp_p,0.008
gower,adonis_p,0.003
gower,permdisp_p,0.01
gower,adonis_p,0.004
gower,permdisp_p,0.007
gower,adonis_p,0.002
gower,permdisp_p,0.003
gower,adonis_p,0.002
gower,permdisp_p,0.012
gower,adonis_p,0.006
gower,permdisp_p,0.005
gower,adonis_p,0.003
gower,permdisp_p,0.012
gower,adonis_p,0.001
gower,permdisp_p,0.008
gower,adonis_p,0.002
gower,permdisp_p,0.01
gower,adonis_p,0.001
gower,permdisp_p,0.005
gower,adonis_p,0.002
gower,permdisp_p,0.004
gower,adonis_p,0.002
gower,permdisp_p,0.012
gower,adonis_p,0.004
gower,permdisp_p,0.003
gower,adonis_p,0.001
gower,permdisp_p,0.009
gower,adonis_p,0.001
gower,permdisp_p,0.009
gower,adonis_p,0.012
gower,permdisp_p,0.006
gower,adonis_p,0.001
gower,permdisp_p,0.005
gower,adonis_p,0.002
gower,permdisp_p,0.006
gower,adonis_p,0.012
gower,permdisp_p,0.002
gower,adonis_p,0.001
gower,permdisp_p,0.006
gower,adonis_p,0.001
gower,permdisp_p,0.007
gower,adonis_p,0.004
gower,permdisp_p,0.011
gower,adonis_p,0.002
gower,permdisp_p,0.003
gower,adonis_p,0.003
gower,permdisp_p,0.002
gower,adonis_p,0.012
gower,permdisp_p,0.006
gower,adonis_p,0.003
gower,permdisp_p,0.011
gower,adonis_p,0.004
gower,permdisp_p,0.007
gower,adonis_p,0.003
gower,permdisp_p,0.006
gower,adonis_p,0.001
gower,permdisp_p,0.008
gower,adonis_p,0.006
gower,permdisp_p,0.007
gower,adonis_p,0.003
gower,permdisp_p,0.009
gower,adonis_p,0.005
gower,permdisp_p,0.008
gower,adonis_p,0.003
gower,permdisp_p,0.001
gower,adonis_p,0.001
gower,permdisp_p,0.001
gower,adonis_p,0.001
gower,permdisp_p,0.004
gower,adonis_p,0.001
gower,permdisp_p,0.008
gower,adonis_p,0.005
gower,permdisp_p,0.004
gower,adonis_p,0.007
gower,permdisp_p,0.006
gower,adonis_p,0.006
gower,permdisp_p,0.01
gower,adonis_p,0.004
gower,permdisp_p,0.01
gower,adonis_p,0.003
gower,permdisp_p,0.005
gower,adonis_p,0.001
gower,permdisp_p,0.006
gower,adonis_p,0.001
gower,permdisp_p,0.004
gower,adonis_p,0.003
gower,permdisp_p,0.011
gower,adonis_p,0.007
gower,permdisp_p,0.007
gower,adonis_p,0.002
gower,permdisp_p,0.008
gower,adonis_p,0.002
gower,permdisp_p,0.016
gower,adonis_p,0.001
gower,permdisp_p,0.011
gower,adonis_p,0.022
gower,permdisp_p,0.003
gower,adonis_p,0.001
gower,permdisp_p,0.003
gower,adonis_p,0.002
gower,permdisp_p,0.003
gower,adonis_p,0.003
gower,permdisp_p,0.011
gower,adonis_p,0.015
gower,permdisp_p,0.007
gower,adonis_p,0.001
gower,permdisp_p,0.005
gower,adonis_p,0.004
gower,permdisp_p,0.004
gower,adonis_p,0.002
gower,permdisp_p,0.006
gower,adonis_p,0.005
gower,permdisp_p,0.013
gower,adonis_p,0.001
gower,permdisp_p,0.002
gower,adonis_p,0.002
gower,permdisp_p,0.007
gower,adonis_p,0.006
gower,permdisp_p,0.009
gower,adonis_p,0.001
gower,permdisp_p,0.009
gower,adonis_p,0.001
gower,permdisp_p,0.011
gower,adonis_p,0.003
gower,permdisp_p,0.011
gower,adonis_p,0.001
gower,permdisp_p,0.004
gower,adonis_p,0.001
gower,permdisp_p,0.009
gower,adonis_p,0.007
gower,permdisp_p,0.005
gower,adonis_p,0.001
gower,permdisp_p,0.009
gower,adonis_p,0.002
gower,permdisp_p,0.006
gower,adonis_p,0.002
gower,permdisp_p,0.005
gower,adonis_p,0.001
gower,permdisp_p,0.002
gower,adonis_p,0.002
gower,permdisp_p,0.002
gower,adonis_p,0.007
gower,permdisp_p,0.003
gower,adonis_p,0.002
gower,permdisp_p,0.008
gower,adonis_p,0.003
gower,permdisp_p,0.013
gower,adonis_p,0.004
gower,permdisp_p,0.003
gower,adonis_p,0.007
gower,permdisp_p,0.002
gower,adonis_p,0.004
gower,permdisp_p,0.01
gower,adonis_p,0.005
gower,permdisp_p,0.003
gower,adonis_p,0.003
gower,permdisp_p,0.007
gower,adonis_p,0.007
gower,permdisp_p,0.01
gower,adonis_p,0.002
gower,permdisp_p,0.009
gower,adonis_p,0.001
gower,permdisp_p,0.011
gower,adonis_p,0.002
gower,permdisp_p,0.005
gower,adonis_p,0.006
gower,permdisp_p,0.005
gower,adonis_p,0.002
gower,permdisp_p,0.002
gower,adonis_p,0.001
gower,permdisp_p,0.001
gower,adonis_p,0.003
gower,permdisp_p,0.001
gower,adonis_p,0.004
gower,permdisp_p,0.003
gower,adonis_p,0.003
gower,permdisp_p,0.008
gower,adonis_p,0.001
gower,permdisp_p,0.002
gower,adonis_p,0.002
gower,permdisp_p,0.011
gower,adonis_p,0.001
gower,permdisp_p,0.012
gower,adonis_p,0.005
gower,permdisp_p,0.009
gower,adonis_p,0.004
gower,permdisp_p,0.003
gower,adonis_p,0.004
gower,permdisp_p,0.005
gower,adonis_p,0.002
gower,permdisp_p,0.007
gower,adonis_p,0.002
gower,permdisp_p,0.013
gower,adonis_p,0.002
gower,permdisp_p,0.012
gower,adonis_p,0.003
gower,permdisp_p,0.009
gower,adonis_p,0.017
gower,permdisp_p,0.004
gower,adonis_p,0.008
gower,permdisp_p,0.001
gower,adonis_p,0.003
gower,permdisp_p,0.014
gower,adonis_p,0.001
gower,permdisp_p,0.004
gower,adonis_p,0.004
gower,permdisp_p,0.009
gower,adonis_p,0.001
gower,permdisp_p,0.001
gower,adonis_p,0.003
gower,permdisp_p,0.002
gower,adonis_p,0.001
gower,permdisp_p,0.009
gower,adonis_p,0.003
gower,permdisp_p,0.003
gower,adonis_p,0.002
gower,permdisp_p,0.004
gower,adonis_p,0.001
gower,permdisp_p,0.006
gower,adonis_p,0.003
gower,permdisp_p,0.001
gower,adonis_p,0.004
gower,permdisp_p,0.009
gower,adonis_p,0.001
gower,permdisp_p,0.008
gower,adonis_p,0.001
gower,permdisp_p,0.01
gower,adonis_p,0.001
gower,permdisp_p,0.006
gower,adonis_p,0.002
